-2.896008789539337158e-01,-8.404721021652221680e-01,-4.597183465957641602e-01,1.602848172187805176e-01,2.162546813488006592e-01,4.559035599231719971e-01,1.355869323015213013e-01,4.326103925704956055e-01,3.298684954643249512e-01,2.517220675945281982e-01,1.184881404042243958e-01,2.757953703403472900e-01,2.199997007846832275e-02,3.822963237762451172e-01,-8.108721673488616943e-02,-1.733624935150146484e-01,6.695441007614135742e-01,9.304803013801574707e-01,3.862705826759338379e-01,-3.840960860252380371e-01,-3.878839910030364990e-01,3.950631022453308105e-01
-4.604949951171875000e-01,-5.978227853775024414e-01,-5.582811236381530762e-01,-7.244341820478439331e-02,-4.361922293901443481e-02,4.925473630428314209e-01,1.226748302578926086e-01,3.281999230384826660e-01,1.522172391414642334e-01,4.788001254200935364e-02,4.521442651748657227e-01,3.594681024551391602e-01,1.499371081590652466e-01,1.776480972766876221e-01,-2.831826508045196533e-01,-4.386036694049835205e-01,6.011841893196105957e-01,7.360738515853881836e-01,5.458091199398040771e-02,-2.215280830860137939e-01,-2.735956907272338867e-01,2.764247953891754150e-01
-4.503554478287696838e-02,-3.421234190464019775e-01,-3.135266900062561035e-01,-1.137911528348922729e-02,2.447815388441085815e-01,4.119384288787841797e-01,3.593628108501434326e-01,1.372848451137542725e-01,3.288170397281646729e-01,8.648968487977981567e-02,3.036805689334869385e-01,3.088087141513824463e-01,5.693646892905235291e-02,4.232078492641448975e-01,-1.433579921722412109e-01,-5.121541619300842285e-01,3.748963475227355957e-01,5.206751227378845215e-01,2.149606943130493164e-01,2.214135080575942993e-01,4.104069899767637253e-03,4.252683520317077637e-01
6.464504599571228027e-01,5.265949964523315430e-01,2.733413577079772949e-01,-5.440969020128250122e-02,5.163457244634628296e-02,-2.735974490642547607e-01,1.606306582689285278e-01,-1.454865336418151855e-01,-9.554407000541687012e-02,9.601707011461257935e-02,8.855333924293518066e-02,9.579486213624477386e-03,-7.911255955696105957e-02,-1.116730347275733948e-01,3.192884325981140137e-01,1.073776483535766602e-01,8.762837648391723633e-01,-5.388570427894592285e-01,-2.457841485738754272e-01,-7.673490643501281738e-01,-1.413209140300750732e-01,-2.103816419839859009e-01
1.076395273208618164e+00,7.169368863105773926e-01,2.187180221080780029e-01,3.516550958156585693e-01,-5.020520649850368500e-03,1.559535413980484009e-01,-8.147235959768295288e-02,1.783491522073745728e-01,-1.122123450040817261e-01,1.473435014486312866e-01,2.071846574544906616e-01,-2.174673415720462799e-02,-1.202258989214897156e-01,1.716288328170776367e-01,7.185219526290893555e-01,2.883230745792388916e-01,8.927079290151596069e-02,-5.135049223899841309e-01,-4.994111955165863037e-01,-6.916461586952209473e-01,1.111512184143066406e-01,-7.774646282196044922e-01
8.888151496648788452e-02,-2.324150316417217255e-02,5.724186301231384277e-01,-1.184898242354393005e-01,5.480519682168960571e-02,-2.076893448829650879e-01,8.699551224708557129e-02,-8.473353832960128784e-02,-8.169721812009811401e-03,-1.374006867408752441e-01,-1.396321356296539307e-01,3.500257059931755066e-02,1.158495433628559113e-02,1.830442547798156738e-01,-8.147449046373367310e-02,4.262263700366020203e-02,-2.714022397994995117e-01,-2.124580591917037964e-01,-2.325522713363170624e-02,-1.690960824489593506e-01,1.218811124563217163e-01,-9.668312966823577881e-02
-6.240702047944068909e-02,4.626446962356567383e-01,-5.120691061019897461e-01,-8.369259834289550781e-01,-1.143339395523071289e+00,-1.453261226415634155e-01,-6.188554167747497559e-01,-3.778309822082519531e-01,2.535950541496276855e-01,3.428261876106262207e-01,1.628175228834152222e-01,5.672405958175659180e-01,2.296566069126129150e-01,2.394663691520690918e-01,-2.654170393943786621e-01,8.616948127746582031e-02,6.107805371284484863e-01,8.068262934684753418e-01,5.681380033493041992e-01,5.128148794174194336e-01,4.029577374458312988e-01,6.090984344482421875e-01
3.344376087188720703e-01,3.645564913749694824e-01,2.787078320980072021e-01,-3.343919813632965088e-01,-7.700153589248657227e-01,4.093174338340759277e-01,-3.452195823192596436e-01,3.117562532424926758e-01,-4.221957623958587646e-01,-2.450610399246215820e-01,-4.292557239532470703e-01,-2.983919382095336914e-01,-3.634490072727203369e-01,-5.795018672943115234e-01,-3.242464363574981689e-01,1.775483600795269012e-03,-8.476858735084533691e-01,-4.730524718761444092e-01,3.638049066066741943e-01,3.127215206623077393e-01,6.612824201583862305e-01,4.112360775470733643e-01
5.667929053306579590e-01,1.038611903786659241e-01,2.592147886753082275e-01,1.551405340433120728e-01,-1.264149844646453857e-01,5.183237791061401367e-02,-1.517749428749084473e-01,1.717437505722045898e-01,1.953403204679489136e-01,2.534984946250915527e-01,-4.616706818342208862e-02,-1.167129352688789368e-01,-1.715386062860488892e-01,-4.223758727312088013e-02,1.371139883995056152e-01,1.177270859479904175e-01,7.447697222232818604e-02,-2.616865634918212891e-01,-9.727867320179939270e-03,-2.533005177974700928e-02,-7.569375634193420410e-02,-4.426722228527069092e-02
-2.695788145065307617e-01,-3.271890282630920410e-01,-8.587216585874557495e-02,-5.498201027512550354e-02,1.708448678255081177e-01,-3.774261772632598877e-01,-1.428461223840713501e-01,-3.041445612907409668e-01,-3.144852072000503540e-02,-3.526647090911865234e-01,-1.041794717311859131e-01,-1.445214152336120605e-01,5.157637223601341248e-02,-7.261809706687927246e-02,-7.354103028774261475e-02,5.354093313217163086e-01,5.925599113106727600e-02,5.523505210876464844e-01,-2.739571966230869293e-02,1.632756292819976807e-01,-8.694505691528320312e-01,-1.927885115146636963e-01
