8.927777966189464065e-01,-9.403806566016238433e-01,-5.892706739598382315e-01,-6.290995562727073054e-01,9.838438483563934911e-01,-4.227180927840342162e-01,-9.825808415415950847e-01,1.422424608270049129e+00
2.017796918474326517e+00,-1.769969339293286259e+00,-5.892706739598382315e-01,-1.437753696296661721e+00,9.838438483563934911e-01,1.355014160431012860e+00,1.305273442638280046e-01,1.422424608270049129e+00
2.365166422033085913e-01,-3.873215348071821218e-01,5.154993834793708540e-01,-6.290995562727073054e-01,9.838438483563934911e-01,-4.227180927840342162e-01,1.305273442638280046e-01,7.844635348750088610e-01
1.267784170570739999e+00,-1.216910217498844649e+00,-3.688564524023370955e-02,-1.168202316288676990e+00,9.838438483563934911e-01,-1.311584219391557893e+00,1.243635530069251427e+00,1.465024614799684821e-01
5.177714226671528142e-01,-6.638510957044030381e-01,-3.688564524023370955e-02,-6.290995562727073054e-01,9.838438483563934911e-01,-1.311584219391557893e+00,1.305273442638280046e-01,-1.129419685310112165e+00
-1.169757260115916520e+00,1.271855830576142932e+00,5.154993834793708540e-01,9.882087237752015252e-01,-1.016421459229121638e+00,1.355014160431012860e+00,-9.825808415415950847e-01,-1.129419685310112165e+00
5.177714226671528142e-01,-6.638510957044030381e-01,-3.688564524023370955e-02,-6.290995562727073054e-01,9.838438483563934911e-01,4.661480338234894050e-01,1.305273442638280046e-01,1.465024614799684821e-01
8.927777966189464065e-01,-9.403806566016238433e-01,-5.892706739598382315e-01,-6.290995562727073054e-01,9.838438483563934911e-01,-4.227180927840342162e-01,1.305273442638280046e-01,1.465024614799684821e-01
-9.822540731400196679e-01,9.953262696789220154e-01,-3.688564524023370955e-02,9.882087237752015252e-01,-1.016421459229121638e+00,-4.227180927840342162e-01,1.305273442638280046e-01,1.465024614799684821e-01
-5.134961057002787044e-01,4.422671478844803494e-01,-1.141655702679442719e+00,9.882087237752015252e-01,-1.016421459229121638e+00,1.355014160431012860e+00,-9.825808415415950847e-01,1.465024614799684821e-01
-2.322413252364334546e-01,1.657375869872595164e-01,-1.694040731399047317e+00,9.882087237752015252e-01,-1.016421459229121638e+00,4.661480338234894050e-01,1.305273442638280046e-01,-1.129419685310112165e+00
-2.322413252364334546e-01,1.657375869872595164e-01,-1.694040731399047317e+00,9.882087237752015252e-01,-1.016421459229121638e+00,-4.227180927840342162e-01,1.243635530069251427e+00,-4.914586119150718968e-01
-1.357260447091813260e+00,1.548385391473363626e+00,1.067884412198975452e+00,9.882087237752015252e-01,-1.016421459229121638e+00,1.355014160431012860e+00,1.243635530069251427e+00,-4.914586119150718968e-01
-5.134961057002787044e-01,4.422671478844803494e-01,-1.141655702679442719e+00,9.882087237752015252e-01,-1.016421459229121638e+00,-1.311584219391557893e+00,1.305273442638280046e-01,-1.129419685310112165e+00
-9.822540731400196679e-01,9.953262696789220154e-01,-3.688564524023370955e-02,9.882087237752015252e-01,-1.016421459229121638e+00,4.661480338234894050e-01,1.243635530069251427e+00,-1.129419685310112165e+00
-1.169757260115916520e+00,1.271855830576142932e+00,5.154993834793708540e-01,9.882087237752015252e-01,-1.016421459229121638e+00,-1.311584219391557893e+00,-9.825808415415950847e-01,7.844635348750088610e-01
-5.134961057002787044e-01,4.422671478844803494e-01,-1.141655702679442719e+00,9.882087237752015252e-01,-1.016421459229121638e+00,4.661480338234894050e-01,-9.825808415415950847e-01,1.422424608270049129e+00
2.365166422033085913e-01,-3.873215348071821218e-01,5.154993834793708540e-01,-6.290995562727073054e-01,9.838438483563934911e-01,-4.227180927840342162e-01,1.243635530069251427e+00,1.465024614799684821e-01
-9.822540731400196679e-01,9.953262696789220154e-01,-3.688564524023370955e-02,9.882087237752015252e-01,-1.016421459229121638e+00,4.661480338234894050e-01,-9.825808415415950847e-01,-4.914586119150718968e-01
-1.357260447091813260e+00,1.548385391473363626e+00,1.067884412198975452e+00,9.882087237752015252e-01,-1.016421459229121638e+00,4.661480338234894050e-01,1.305273442638280046e-01,1.465024614799684821e-01
2.017796918474326517e+00,-1.769969339293286259e+00,-5.892706739598382315e-01,-1.437753696296661721e+00,9.838438483563934911e-01,-1.311584219391557893e+00,1.243635530069251427e+00,-4.914586119150718968e-01
1.267784170570739999e+00,-1.216910217498844649e+00,-3.688564524023370955e-02,-1.168202316288676990e+00,9.838438483563934911e-01,1.355014160431012860e+00,1.305273442638280046e-01,-4.914586119150718968e-01
2.017796918474326517e+00,-1.769969339293286259e+00,-5.892706739598382315e-01,-1.437753696296661721e+00,9.838438483563934911e-01,4.661480338234894050e-01,-1.724652965411877181e+00,-1.767380758705152655e+00
8.927777966189464065e-01,-9.403806566016238433e-01,-5.892706739598382315e-01,-6.290995562727073054e-01,9.838438483563934911e-01,-4.227180927840342162e-01,1.305273442638280046e-01,-4.914586119150718968e-01
-4.473813826053664455e-02,-1.107919739099613166e-01,2.172654469638184427e+00,-1.168202316288676990e+00,9.838438483563934911e-01,1.355014160431012860e+00,1.243635530069251427e+00,-1.129419685310112165e+00
2.017796918474326517e+00,-1.769969339293286259e+00,-5.892706739598382315e-01,-1.437753696296661721e+00,9.838438483563934911e-01,-1.311584219391557893e+00,-9.825808415415950847e-01,1.422424608270049129e+00
-2.322413252364334546e-01,1.657375869872595164e-01,-1.694040731399047317e+00,9.882087237752015252e-01,-1.016421459229121638e+00,1.355014160431012860e+00,1.305273442638280046e-01,7.844635348750088610e-01
-2.322413252364334546e-01,1.657375869872595164e-01,-1.694040731399047317e+00,9.882087237752015252e-01,-1.016421459229121638e+00,-4.227180927840342162e-01,-9.825808415415950847e-01,-4.914586119150718968e-01
2.365166422033085913e-01,-3.873215348071821218e-01,5.154993834793708540e-01,-6.290995562727073054e-01,9.838438483563934911e-01,-4.227180927840342162e-01,-9.825808415415950847e-01,1.422424608270049129e+00
5.177714226671528142e-01,-6.638510957044030381e-01,-3.688564524023370955e-02,-6.290995562727073054e-01,9.838438483563934911e-01,1.355014160431012860e+00,1.243635530069251427e+00,-1.129419685310112165e+00
-2.322413252364334546e-01,1.657375869872595164e-01,-1.694040731399047317e+00,9.882087237752015252e-01,-1.016421459229121638e+00,4.661480338234894050e-01,-9.825808415415950847e-01,7.844635348750088610e-01
-7.009992926761755561e-01,7.187967087817012102e-01,-5.892706739598382315e-01,9.882087237752015252e-01,-1.016421459229121638e+00,-1.311584219391557893e+00,1.243635530069251427e+00,-4.914586119150718968e-01
-2.322413252364334546e-01,1.657375869872595164e-01,-1.694040731399047317e+00,9.882087237752015252e-01,-1.016421459229121638e+00,1.355014160431012860e+00,1.305273442638280046e-01,1.465024614799684821e-01
5.177714226671528142e-01,-6.638510957044030381e-01,-3.688564524023370955e-02,-6.290995562727073054e-01,9.838438483563934911e-01,-1.311584219391557893e+00,-9.825808415415950847e-01,-4.914586119150718968e-01
-7.009992926761755561e-01,7.187967087817012102e-01,-5.892706739598382315e-01,9.882087237752015252e-01,-1.016421459229121638e+00,-4.227180927840342162e-01,-9.825808415415950847e-01,1.465024614799684821e-01
2.017796918474326517e+00,-1.769969339293286259e+00,-5.892706739598382315e-01,-1.437753696296661721e+00,9.838438483563934911e-01,-1.311584219391557893e+00,-9.825808415415950847e-01,7.844635348750088610e-01
-1.169757260115916520e+00,1.271855830576142932e+00,5.154993834793708540e-01,9.882087237752015252e-01,-1.016421459229121638e+00,4.661480338234894050e-01,-9.825808415415950847e-01,1.422424608270049129e+00
-9.822540731400196679e-01,9.953262696789220154e-01,-3.688564524023370955e-02,9.882087237752015252e-01,-1.016421459229121638e+00,1.355014160431012860e+00,1.243635530069251427e+00,-4.914586119150718968e-01
-2.322413252364334546e-01,1.657375869872595164e-01,-1.694040731399047317e+00,9.882087237752015252e-01,-1.016421459229121638e+00,-4.227180927840342162e-01,-9.825808415415950847e-01,7.844635348750088610e-01
8.927777966189464065e-01,-9.403806566016238433e-01,-5.892706739598382315e-01,-6.290995562727073054e-01,9.838438483563934911e-01,1.355014160431012860e+00,-9.825808415415950847e-01,1.465024614799684821e-01
-1.357260447091813260e+00,1.548385391473363626e+00,1.067884412198975452e+00,9.882087237752015252e-01,-1.016421459229121638e+00,1.355014160431012860e+00,1.305273442638280046e-01,-4.914586119150718968e-01
8.927777966189464065e-01,-9.403806566016238433e-01,-5.892706739598382315e-01,-6.290995562727073054e-01,9.838438483563934911e-01,-4.227180927840342162e-01,1.243635530069251427e+00,-4.914586119150718968e-01
5.177714226671528142e-01,-6.638510957044030381e-01,-3.688564524023370955e-02,-6.290995562727073054e-01,9.838438483563934911e-01,1.355014160431012860e+00,1.305273442638280046e-01,7.844635348750088610e-01
2.017796918474326517e+00,-1.769969339293286259e+00,-5.892706739598382315e-01,-1.437753696296661721e+00,9.838438483563934911e-01,1.355014160431012860e+00,1.243635530069251427e+00,7.844635348750088610e-01
-9.822540731400196679e-01,9.953262696789220154e-01,-3.688564524023370955e-02,9.882087237752015252e-01,-1.016421459229121638e+00,1.355014160431012860e+00,1.305273442638280046e-01,7.844635348750088610e-01
1.267784170570739999e+00,-1.216910217498844649e+00,-3.688564524023370955e-02,-1.168202316288676990e+00,9.838438483563934911e-01,-4.227180927840342162e-01,1.305273442638280046e-01,7.844635348750088610e-01
-1.357260447091813260e+00,1.548385391473363626e+00,1.067884412198975452e+00,9.882087237752015252e-01,-1.016421459229121638e+00,1.355014160431012860e+00,-9.825808415415950847e-01,1.422424608270049129e+00
1.267784170570739999e+00,-1.216910217498844649e+00,-3.688564524023370955e-02,-1.168202316288676990e+00,9.838438483563934911e-01,1.355014160431012860e+00,-9.825808415415950847e-01,1.465024614799684821e-01
-5.134961057002787044e-01,4.422671478844803494e-01,-1.141655702679442719e+00,9.882087237752015252e-01,-1.016421459229121638e+00,1.355014160431012860e+00,1.305273442638280046e-01,7.844635348750088610e-01
-2.322413252364334546e-01,1.657375869872595164e-01,-1.694040731399047317e+00,9.882087237752015252e-01,-1.016421459229121638e+00,-1.311584219391557893e+00,1.305273442638280046e-01,-1.129419685310112165e+00
-1.169757260115916520e+00,1.271855830576142932e+00,5.154993834793708540e-01,9.882087237752015252e-01,-1.016421459229121638e+00,-1.311584219391557893e+00,1.305273442638280046e-01,-1.129419685310112165e+00
-4.473813826053664455e-02,-1.107919739099613166e-01,2.172654469638184427e+00,-1.168202316288676990e+00,9.838438483563934911e-01,-1.311584219391557893e+00,1.305273442638280046e-01,1.422424608270049129e+00
-7.009992926761755561e-01,7.187967087817012102e-01,-5.892706739598382315e-01,9.882087237752015252e-01,-1.016421459229121638e+00,1.355014160431012860e+00,1.305273442638280046e-01,1.465024614799684821e-01
-5.134961057002787044e-01,4.422671478844803494e-01,-1.141655702679442719e+00,9.882087237752015252e-01,-1.016421459229121638e+00,-1.311584219391557893e+00,1.305273442638280046e-01,7.844635348750088610e-01
-9.822540731400196679e-01,9.953262696789220154e-01,-3.688564524023370955e-02,9.882087237752015252e-01,-1.016421459229121638e+00,1.355014160431012860e+00,1.305273442638280046e-01,1.465024614799684821e-01
-5.134961057002787044e-01,4.422671478844803494e-01,-1.141655702679442719e+00,9.882087237752015252e-01,-1.016421459229121638e+00,-4.227180927840342162e-01,1.243635530069251427e+00,-1.129419685310112165e+00
8.927777966189464065e-01,-9.403806566016238433e-01,-5.892706739598382315e-01,-6.290995562727073054e-01,9.838438483563934911e-01,1.355014160431012860e+00,1.243635530069251427e+00,7.844635348750088610e-01
5.177714226671528142e-01,-6.638510957044030381e-01,-3.688564524023370955e-02,-6.290995562727073054e-01,9.838438483563934911e-01,-1.311584219391557893e+00,1.243635530069251427e+00,1.422424608270049129e+00
-1.169757260115916520e+00,1.271855830576142932e+00,5.154993834793708540e-01,9.882087237752015252e-01,-1.016421459229121638e+00,-1.311584219391557893e+00,-9.825808415415950847e-01,1.465024614799684821e-01
5.177714226671528142e-01,-6.638510957044030381e-01,-3.688564524023370955e-02,-6.290995562727073054e-01,9.838438483563934911e-01,1.355014160431012860e+00,1.243635530069251427e+00,-4.914586119150718968e-01
-1.357260447091813260e+00,1.548385391473363626e+00,1.067884412198975452e+00,9.882087237752015252e-01,-1.016421459229121638e+00,-4.227180927840342162e-01,1.305273442638280046e-01,1.422424608270049129e+00
2.017796918474326517e+00,-1.769969339293286259e+00,-5.892706739598382315e-01,-1.437753696296661721e+00,9.838438483563934911e-01,-4.227180927840342162e-01,1.305273442638280046e-01,1.465024614799684821e-01
2.365166422033085913e-01,-3.873215348071821218e-01,5.154993834793708540e-01,-6.290995562727073054e-01,9.838438483563934911e-01,1.355014160431012860e+00,1.305273442638280046e-01,-4.914586119150718968e-01
-2.322413252364334546e-01,1.657375869872595164e-01,-1.694040731399047317e+00,9.882087237752015252e-01,-1.016421459229121638e+00,-1.311584219391557893e+00,1.305273442638280046e-01,1.422424608270049129e+00
-1.357260447091813260e+00,1.548385391473363626e+00,1.067884412198975452e+00,9.882087237752015252e-01,-1.016421459229121638e+00,-4.227180927840342162e-01,1.305273442638280046e-01,1.465024614799684821e-01
-5.134961057002787044e-01,4.422671478844803494e-01,-1.141655702679442719e+00,9.882087237752015252e-01,-1.016421459229121638e+00,4.661480338234894050e-01,-9.825808415415950847e-01,7.844635348750088610e-01
-9.822540731400196679e-01,9.953262696789220154e-01,-3.688564524023370955e-02,9.882087237752015252e-01,-1.016421459229121638e+00,1.355014160431012860e+00,-9.825808415415950847e-01,7.844635348750088610e-01
8.927777966189464065e-01,-9.403806566016238433e-01,-5.892706739598382315e-01,-6.290995562727073054e-01,9.838438483563934911e-01,-1.311584219391557893e+00,1.305273442638280046e-01,1.422424608270049129e+00
-2.322413252364334546e-01,1.657375869872595164e-01,-1.694040731399047317e+00,9.882087237752015252e-01,-1.016421459229121638e+00,4.661480338234894050e-01,-1.724652965411877181e+00,-1.767380758705152655e+00
-7.009992926761755561e-01,7.187967087817012102e-01,-5.892706739598382315e-01,9.882087237752015252e-01,-1.016421459229121638e+00,-4.227180927840342162e-01,1.243635530069251427e+00,-4.914586119150718968e-01
8.927777966189464065e-01,-9.403806566016238433e-01,-5.892706739598382315e-01,-6.290995562727073054e-01,9.838438483563934911e-01,1.355014160431012860e+00,1.305273442638280046e-01,7.844635348750088610e-01
2.365166422033085913e-01,-3.873215348071821218e-01,5.154993834793708540e-01,-6.290995562727073054e-01,9.838438483563934911e-01,-4.227180927840342162e-01,1.305273442638280046e-01,-1.129419685310112165e+00
1.267784170570739999e+00,-1.216910217498844649e+00,-3.688564524023370955e-02,-1.168202316288676990e+00,9.838438483563934911e-01,1.355014160431012860e+00,-9.825808415415950847e-01,-1.129419685310112165e+00
-2.322413252364334546e-01,1.657375869872595164e-01,-1.694040731399047317e+00,9.882087237752015252e-01,-1.016421459229121638e+00,-4.227180927840342162e-01,1.243635530069251427e+00,7.844635348750088610e-01
1.267784170570739999e+00,-1.216910217498844649e+00,-3.688564524023370955e-02,-1.168202316288676990e+00,9.838438483563934911e-01,-4.227180927840342162e-01,-9.825808415415950847e-01,7.844635348750088610e-01
-1.169757260115916520e+00,1.271855830576142932e+00,5.154993834793708540e-01,9.882087237752015252e-01,-1.016421459229121638e+00,4.661480338234894050e-01,1.305273442638280046e-01,-4.914586119150718968e-01
1.267784170570739999e+00,-1.216910217498844649e+00,-3.688564524023370955e-02,-1.168202316288676990e+00,9.838438483563934911e-01,4.661480338234894050e-01,1.243635530069251427e+00,-1.129419685310112165e+00
-1.357260447091813260e+00,1.548385391473363626e+00,1.067884412198975452e+00,9.882087237752015252e-01,-1.016421459229121638e+00,-4.227180927840342162e-01,1.243635530069251427e+00,1.465024614799684821e-01
-2.322413252364334546e-01,1.657375869872595164e-01,-1.694040731399047317e+00,9.882087237752015252e-01,-1.016421459229121638e+00,-4.227180927840342162e-01,1.305273442638280046e-01,-4.914586119150718968e-01
1.267784170570739999e+00,-1.216910217498844649e+00,-3.688564524023370955e-02,-1.168202316288676990e+00,9.838438483563934911e-01,1.355014160431012860e+00,-9.825808415415950847e-01,7.844635348750088610e-01
-9.822540731400196679e-01,9.953262696789220154e-01,-3.688564524023370955e-02,9.882087237752015252e-01,-1.016421459229121638e+00,-4.227180927840342162e-01,-9.825808415415950847e-01,-1.129419685310112165e+00
1.267784170570739999e+00,-1.216910217498844649e+00,-3.688564524023370955e-02,-1.168202316288676990e+00,9.838438483563934911e-01,1.355014160431012860e+00,1.243635530069251427e+00,1.422424608270049129e+00
5.177714226671528142e-01,-6.638510957044030381e-01,-3.688564524023370955e-02,-6.290995562727073054e-01,9.838438483563934911e-01,4.661480338234894050e-01,-9.825808415415950847e-01,1.422424608270049129e+00
-9.822540731400196679e-01,9.953262696789220154e-01,-3.688564524023370955e-02,9.882087237752015252e-01,-1.016421459229121638e+00,4.661480338234894050e-01,1.243635530069251427e+00,1.422424608270049129e+00
-7.009992926761755561e-01,7.187967087817012102e-01,-5.892706739598382315e-01,9.882087237752015252e-01,-1.016421459229121638e+00,1.355014160431012860e+00,1.243635530069251427e+00,7.844635348750088610e-01
5.177714226671528142e-01,-6.638510957044030381e-01,-3.688564524023370955e-02,-6.290995562727073054e-01,9.838438483563934911e-01,-4.227180927840342162e-01,-9.825808415415950847e-01,-4.914586119150718968e-01
2.365166422033085913e-01,-3.873215348071821218e-01,5.154993834793708540e-01,-6.290995562727073054e-01,9.838438483563934911e-01,-4.227180927840342162e-01,1.305273442638280046e-01,1.422424608270049129e+00
-9.822540731400196679e-01,9.953262696789220154e-01,-3.688564524023370955e-02,9.882087237752015252e-01,-1.016421459229121638e+00,-1.311584219391557893e+00,1.305273442638280046e-01,1.422424608270049129e+00
-4.473813826053664455e-02,-1.107919739099613166e-01,2.172654469638184427e+00,-1.168202316288676990e+00,9.838438483563934911e-01,1.355014160431012860e+00,-9.825808415415950847e-01,-4.914586119150718968e-01
-9.822540731400196679e-01,9.953262696789220154e-01,-3.688564524023370955e-02,9.882087237752015252e-01,-1.016421459229121638e+00,-1.311584219391557893e+00,1.243635530069251427e+00,1.465024614799684821e-01
8.927777966189464065e-01,-9.403806566016238433e-01,-5.892706739598382315e-01,-6.290995562727073054e-01,9.838438483563934911e-01,-4.227180927840342162e-01,-9.825808415415950847e-01,1.465024614799684821e-01
8.927777966189464065e-01,-9.403806566016238433e-01,-5.892706739598382315e-01,-6.290995562727073054e-01,9.838438483563934911e-01,4.661480338234894050e-01,1.243635530069251427e+00,1.422424608270049129e+00
-1.169757260115916520e+00,1.271855830576142932e+00,5.154993834793708540e-01,9.882087237752015252e-01,-1.016421459229121638e+00,1.355014160431012860e+00,-1.724652965411877181e+00,-1.767380758705152655e+00
1.267784170570739999e+00,-1.216910217498844649e+00,-3.688564524023370955e-02,-1.168202316288676990e+00,9.838438483563934911e-01,-1.311584219391557893e+00,1.305273442638280046e-01,-1.129419685310112165e+00
-7.009992926761755561e-01,7.187967087817012102e-01,-5.892706739598382315e-01,9.882087237752015252e-01,-1.016421459229121638e+00,4.661480338234894050e-01,1.243635530069251427e+00,1.465024614799684821e-01
1.267784170570739999e+00,-1.216910217498844649e+00,-3.688564524023370955e-02,-1.168202316288676990e+00,9.838438483563934911e-01,-1.311584219391557893e+00,-9.825808415415950847e-01,1.465024614799684821e-01
-1.169757260115916520e+00,1.271855830576142932e+00,5.154993834793708540e-01,9.882087237752015252e-01,-1.016421459229121638e+00,4.661480338234894050e-01,-9.825808415415950847e-01,7.844635348750088610e-01
2.017796918474326517e+00,-1.769969339293286259e+00,-5.892706739598382315e-01,-1.437753696296661721e+00,9.838438483563934911e-01,-4.227180927840342162e-01,1.243635530069251427e+00,1.465024614799684821e-01
-7.009992926761755561e-01,7.187967087817012102e-01,-5.892706739598382315e-01,9.882087237752015252e-01,-1.016421459229121638e+00,4.661480338234894050e-01,1.243635530069251427e+00,-1.129419685310112165e+00
-4.473813826053664455e-02,-1.107919739099613166e-01,2.172654469638184427e+00,-1.168202316288676990e+00,9.838438483563934911e-01,-4.227180927840342162e-01,-9.825808415415950847e-01,1.422424608270049129e+00
-9.822540731400196679e-01,9.953262696789220154e-01,-3.688564524023370955e-02,9.882087237752015252e-01,-1.016421459229121638e+00,4.661480338234894050e-01,-9.825808415415950847e-01,1.422424608270049129e+00
5.177714226671528142e-01,-6.638510957044030381e-01,-3.688564524023370955e-02,-6.290995562727073054e-01,9.838438483563934911e-01,1.355014160431012860e+00,1.243635530069251427e+00,1.422424608270049129e+00
-5.134961057002787044e-01,4.422671478844803494e-01,-1.141655702679442719e+00,9.882087237752015252e-01,-1.016421459229121638e+00,-1.311584219391557893e+00,1.305273442638280046e-01,1.422424608270049129e+00
2.365166422033085913e-01,-3.873215348071821218e-01,5.154993834793708540e-01,-6.290995562727073054e-01,9.838438483563934911e-01,4.661480338234894050e-01,-9.825808415415950847e-01,1.422424608270049129e+00
-2.322413252364334546e-01,1.657375869872595164e-01,-1.694040731399047317e+00,9.882087237752015252e-01,-1.016421459229121638e+00,4.661480338234894050e-01,1.243635530069251427e+00,-4.914586119150718968e-01
-5.134961057002787044e-01,4.422671478844803494e-01,-1.141655702679442719e+00,9.882087237752015252e-01,-1.016421459229121638e+00,-1.311584219391557893e+00,1.243635530069251427e+00,-4.914586119150718968e-01
8.927777966189464065e-01,-9.403806566016238433e-01,-5.892706739598382315e-01,-6.290995562727073054e-01,9.838438483563934911e-01,1.355014160431012860e+00,1.305273442638280046e-01,-4.914586119150718968e-01
2.017796918474326517e+00,-1.769969339293286259e+00,-5.892706739598382315e-01,-1.437753696296661721e+00,9.838438483563934911e-01,-1.311584219391557893e+00,1.305273442638280046e-01,7.844635348750088610e-01
5.177714226671528142e-01,-6.638510957044030381e-01,-3.688564524023370955e-02,-6.290995562727073054e-01,9.838438483563934911e-01,1.355014160431012860e+00,1.305273442638280046e-01,1.465024614799684821e-01
-2.322413252364334546e-01,1.657375869872595164e-01,-1.694040731399047317e+00,9.882087237752015252e-01,-1.016421459229121638e+00,-4.227180927840342162e-01,1.243635530069251427e+00,1.422424608270049129e+00
-7.009992926761755561e-01,7.187967087817012102e-01,-5.892706739598382315e-01,9.882087237752015252e-01,-1.016421459229121638e+00,-1.311584219391557893e+00,1.243635530069251427e+00,1.465024614799684821e-01
-2.322413252364334546e-01,1.657375869872595164e-01,-1.694040731399047317e+00,9.882087237752015252e-01,-1.016421459229121638e+00,4.661480338234894050e-01,1.243635530069251427e+00,1.465024614799684821e-01
2.365166422033085913e-01,-3.873215348071821218e-01,5.154993834793708540e-01,-6.290995562727073054e-01,9.838438483563934911e-01,1.355014160431012860e+00,1.305273442638280046e-01,1.465024614799684821e-01
-5.134961057002787044e-01,4.422671478844803494e-01,-1.141655702679442719e+00,9.882087237752015252e-01,-1.016421459229121638e+00,-1.311584219391557893e+00,-9.825808415415950847e-01,-1.129419685310112165e+00
-4.473813826053664455e-02,-1.107919739099613166e-01,2.172654469638184427e+00,-1.168202316288676990e+00,9.838438483563934911e-01,4.661480338234894050e-01,1.243635530069251427e+00,1.465024614799684821e-01
-9.822540731400196679e-01,9.953262696789220154e-01,-3.688564524023370955e-02,9.882087237752015252e-01,-1.016421459229121638e+00,1.355014160431012860e+00,-9.825808415415950847e-01,1.422424608270049129e+00
-7.009992926761755561e-01,7.187967087817012102e-01,-5.892706739598382315e-01,9.882087237752015252e-01,-1.016421459229121638e+00,4.661480338234894050e-01,1.243635530069251427e+00,1.422424608270049129e+00
2.365166422033085913e-01,-3.873215348071821218e-01,5.154993834793708540e-01,-6.290995562727073054e-01,9.838438483563934911e-01,4.661480338234894050e-01,-9.825808415415950847e-01,-1.129419685310112165e+00
-1.357260447091813260e+00,1.548385391473363626e+00,1.067884412198975452e+00,9.882087237752015252e-01,-1.016421459229121638e+00,-4.227180927840342162e-01,1.305273442638280046e-01,-1.129419685310112165e+00
-1.357260447091813260e+00,1.548385391473363626e+00,1.067884412198975452e+00,9.882087237752015252e-01,-1.016421459229121638e+00,4.661480338234894050e-01,-9.825808415415950847e-01,-1.129419685310112165e+00
5.177714226671528142e-01,-6.638510957044030381e-01,-3.688564524023370955e-02,-6.290995562727073054e-01,9.838438483563934911e-01,-4.227180927840342162e-01,-9.825808415415950847e-01,-1.129419685310112165e+00
-9.822540731400196679e-01,9.953262696789220154e-01,-3.688564524023370955e-02,9.882087237752015252e-01,-1.016421459229121638e+00,-4.227180927840342162e-01,1.243635530069251427e+00,1.422424608270049129e+00
5.177714226671528142e-01,-6.638510957044030381e-01,-3.688564524023370955e-02,-6.290995562727073054e-01,9.838438483563934911e-01,-4.227180927840342162e-01,1.305273442638280046e-01,-1.129419685310112165e+00
-9.822540731400196679e-01,9.953262696789220154e-01,-3.688564524023370955e-02,9.882087237752015252e-01,-1.016421459229121638e+00,-4.227180927840342162e-01,-9.825808415415950847e-01,-4.914586119150718968e-01
-5.134961057002787044e-01,4.422671478844803494e-01,-1.141655702679442719e+00,9.882087237752015252e-01,-1.016421459229121638e+00,1.355014160431012860e+00,1.243635530069251427e+00,-1.129419685310112165e+00
-4.473813826053664455e-02,-1.107919739099613166e-01,2.172654469638184427e+00,-1.168202316288676990e+00,9.838438483563934911e-01,1.355014160431012860e+00,-9.825808415415950847e-01,7.844635348750088610e-01
-5.134961057002787044e-01,4.422671478844803494e-01,-1.141655702679442719e+00,9.882087237752015252e-01,-1.016421459229121638e+00,-4.227180927840342162e-01,-9.825808415415950847e-01,1.422424608270049129e+00
-1.357260447091813260e+00,1.548385391473363626e+00,1.067884412198975452e+00,9.882087237752015252e-01,-1.016421459229121638e+00,-1.311584219391557893e+00,1.305273442638280046e-01,7.844635348750088610e-01
-5.134961057002787044e-01,4.422671478844803494e-01,-1.141655702679442719e+00,9.882087237752015252e-01,-1.016421459229121638e+00,-4.227180927840342162e-01,-9.825808415415950847e-01,7.844635348750088610e-01
2.365166422033085913e-01,-3.873215348071821218e-01,5.154993834793708540e-01,-6.290995562727073054e-01,9.838438483563934911e-01,4.661480338234894050e-01,1.305273442638280046e-01,-1.129419685310112165e+00
8.927777966189464065e-01,-9.403806566016238433e-01,-5.892706739598382315e-01,-6.290995562727073054e-01,9.838438483563934911e-01,1.355014160431012860e+00,-9.825808415415950847e-01,-4.914586119150718968e-01
1.267784170570739999e+00,-1.216910217498844649e+00,-3.688564524023370955e-02,-1.168202316288676990e+00,9.838438483563934911e-01,-4.227180927840342162e-01,1.305273442638280046e-01,1.422424608270049129e+00
-1.357260447091813260e+00,1.548385391473363626e+00,1.067884412198975452e+00,9.882087237752015252e-01,-1.016421459229121638e+00,4.661480338234894050e-01,1.243635530069251427e+00,1.422424608270049129e+00
1.267784170570739999e+00,-1.216910217498844649e+00,-3.688564524023370955e-02,-1.168202316288676990e+00,9.838438483563934911e-01,4.661480338234894050e-01,-9.825808415415950847e-01,-4.914586119150718968e-01
-9.822540731400196679e-01,9.953262696789220154e-01,-3.688564524023370955e-02,9.882087237752015252e-01,-1.016421459229121638e+00,-4.227180927840342162e-01,-9.825808415415950847e-01,1.465024614799684821e-01
-2.322413252364334546e-01,1.657375869872595164e-01,-1.694040731399047317e+00,9.882087237752015252e-01,-1.016421459229121638e+00,-4.227180927840342162e-01,-9.825808415415950847e-01,-1.129419685310112165e+00
-7.009992926761755561e-01,7.187967087817012102e-01,-5.892706739598382315e-01,9.882087237752015252e-01,-1.016421459229121638e+00,1.355014160431012860e+00,-9.825808415415950847e-01,7.844635348750088610e-01
1.267784170570739999e+00,-1.216910217498844649e+00,-3.688564524023370955e-02,-1.168202316288676990e+00,9.838438483563934911e-01,-4.227180927840342162e-01,-9.825808415415950847e-01,-4.914586119150718968e-01
-2.322413252364334546e-01,1.657375869872595164e-01,-1.694040731399047317e+00,9.882087237752015252e-01,-1.016421459229121638e+00,-4.227180927840342162e-01,-9.825808415415950847e-01,1.465024614799684821e-01
-1.357260447091813260e+00,1.548385391473363626e+00,1.067884412198975452e+00,9.882087237752015252e-01,-1.016421459229121638e+00,4.661480338234894050e-01,1.243635530069251427e+00,-4.914586119150718968e-01
-9.822540731400196679e-01,9.953262696789220154e-01,-3.688564524023370955e-02,9.882087237752015252e-01,-1.016421459229121638e+00,4.661480338234894050e-01,1.305273442638280046e-01,-4.914586119150718968e-01
2.365166422033085913e-01,-3.873215348071821218e-01,5.154993834793708540e-01,-6.290995562727073054e-01,9.838438483563934911e-01,-1.311584219391557893e+00,1.243635530069251427e+00,-4.914586119150718968e-01
8.927777966189464065e-01,-9.403806566016238433e-01,-5.892706739598382315e-01,-6.290995562727073054e-01,9.838438483563934911e-01,1.355014160431012860e+00,1.243635530069251427e+00,-1.129419685310112165e+00
-1.357260447091813260e+00,1.548385391473363626e+00,1.067884412198975452e+00,9.882087237752015252e-01,-1.016421459229121638e+00,4.661480338234894050e-01,1.243635530069251427e+00,-1.129419685310112165e+00
1.267784170570739999e+00,-1.216910217498844649e+00,-3.688564524023370955e-02,-1.168202316288676990e+00,9.838438483563934911e-01,4.661480338234894050e-01,1.305273442638280046e-01,-4.914586119150718968e-01
-7.009992926761755561e-01,7.187967087817012102e-01,-5.892706739598382315e-01,9.882087237752015252e-01,-1.016421459229121638e+00,4.661480338234894050e-01,-9.825808415415950847e-01,7.844635348750088610e-01
-7.009992926761755561e-01,7.187967087817012102e-01,-5.892706739598382315e-01,9.882087237752015252e-01,-1.016421459229121638e+00,1.355014160431012860e+00,1.243635530069251427e+00,1.422424608270049129e+00
2.365166422033085913e-01,-3.873215348071821218e-01,5.154993834793708540e-01,-6.290995562727073054e-01,9.838438483563934911e-01,4.661480338234894050e-01,1.305273442638280046e-01,1.422424608270049129e+00
-1.357260447091813260e+00,1.548385391473363626e+00,1.067884412198975452e+00,9.882087237752015252e-01,-1.016421459229121638e+00,-1.311584219391557893e+00,1.243635530069251427e+00,1.465024614799684821e-01
5.177714226671528142e-01,-6.638510957044030381e-01,-3.688564524023370955e-02,-6.290995562727073054e-01,9.838438483563934911e-01,-4.227180927840342162e-01,1.243635530069251427e+00,1.422424608270049129e+00
8.927777966189464065e-01,-9.403806566016238433e-01,-5.892706739598382315e-01,-6.290995562727073054e-01,9.838438483563934911e-01,4.661480338234894050e-01,1.243635530069251427e+00,-1.129419685310112165e+00
5.177714226671528142e-01,-6.638510957044030381e-01,-3.688564524023370955e-02,-6.290995562727073054e-01,9.838438483563934911e-01,-1.311584219391557893e+00,1.243635530069251427e+00,7.844635348750088610e-01
-5.134961057002787044e-01,4.422671478844803494e-01,-1.141655702679442719e+00,9.882087237752015252e-01,-1.016421459229121638e+00,-4.227180927840342162e-01,-9.825808415415950847e-01,-4.914586119150718968e-01
2.365166422033085913e-01,-3.873215348071821218e-01,5.154993834793708540e-01,-6.290995562727073054e-01,9.838438483563934911e-01,4.661480338234894050e-01,1.243635530069251427e+00,-4.914586119150718968e-01
