3.592106040535499312e-01,0.000000000000000000e+00,-9.997228896706286116e-01,-5.457955820861407070e-02,-8.319135510954951407e-01,-3.811794997450850819e-01,-8.883039412921907019e-01,-3.900971961842780722e-01,-7.248128956998763917e-01,-4.647497330621236933e-01,-4.066982318943631047e-01,-3.210221902570290498e-01,-4.457029322397806914e-01,-6.072018961835156520e-02,-2.975456291440849999e-01,-4.581661085300183789e-01,-1.202922079723131865e-01,-5.780849899867131214e-02,-2.401796284544525373e-01,1.713809270334955837e-01,-3.312952547093927502e-01,-3.631912329745922569e-02,-3.932940729406913527e-01,1.208252157761640910e-01,-3.679194464621294847e-01,-8.307565315879464340e-02,-8.369780260036693287e-01,1.517177470578962017e-01,-4.117047022416951418e-01,-5.751387549665568782e-02,-3.911284487531994647e-01,-1.114671844156499420e-01,-4.025067122913723594e-01,-1.491135006974329547e-01
3.592106040535499312e-01,0.000000000000000000e+00,7.255454615600080981e-01,1.417657512207731951e+00,4.206077021836713281e-01,1.489658404201315900e+00,-2.400027214347796589e-01,1.636020282420737715e+00,-5.699837037025540232e-01,1.273929137313534410e+00,-1.572857761209255800e+00,1.684444681405183664e+00,-1.923384849391748919e+00,1.309948360398643930e+00,-2.066161666374524586e+00,6.851651242388719920e-01,-1.205322429954958308e+00,-1.124626135201620913e+00,-2.072437659557304634e+00,-7.664144541254489518e-01,-1.693500068682530113e+00,-1.465866118711023791e+00,-1.193648112772570435e+00,-1.700443232030441898e+00,6.800049748744972644e-02,-1.782795262094949207e+00,-2.144840693446426194e-01,-1.544336338898319116e+00,-1.683807417202155265e-01,-1.869937413282764194e+00,1.038462394018420998e+00,-6.449099940104607853e-01,1.227696785301843674e+00,6.517852385144635996e-02
3.592106040535499312e-01,0.000000000000000000e+00,-2.799981653428476047e-01,1.784840526585120268e-01,5.350878657754341329e-03,-2.772778450843051967e-01,7.661792217085172489e-03,-1.072142222132235895e-01,-4.428144903717766423e-02,-6.209559517581044741e-01,1.077701352852777211e-01,-2.719681184337640611e-01,3.860866932492622583e-01,-5.346560516582191669e-01,5.232267346293749677e-01,-2.418073275702933012e-01,2.856780913579233250e-01,-2.306270501084768387e-01,2.927268989835027369e-01,-5.264641110396572204e-02,2.509202088301035194e-01,-4.017066837123123291e-01,2.544517514163300853e-01,-1.281475102837218993e-01,6.961052812230134057e-02,-2.702848851386527307e-01,1.260447682090313527e-02,-7.810386101492942934e-02,4.013917246272656336e-01,1.536044395033728249e-02,3.588878382726624072e-01,-1.961518757556770798e-01,4.327233150654712923e-01,-9.861116148166564066e-02
3.592106040535499312e-01,0.000000000000000000e+00,1.346527667018063978e-01,2.124527902689311354e+00,6.189282165855872764e-01,-1.944221782902904483e+00,5.332181407310437882e-01,-1.544986579100793289e-01,4.991144690482837154e-01,-1.263129506737069585e-01,6.941377643559354382e-01,1.163884616066461319e+00,4.863678874913442418e-01,1.458728150854161632e-01,6.477371802352615004e-01,1.204846537556818198e-01,9.059206712670432315e-01,-4.597107235348806831e-01,5.708257376991391352e-01,3.846922066725208533e-01,5.239783611620520976e-01,4.240107767700848629e-01,4.087627084864443039e-01,1.574926304032360447e+00,1.041222520620360026e+00,-9.082552931882318381e-01,6.728655460375803088e-01,5.251330711194728273e-01,5.886141373829067991e-01,1.116589637767337218e+00,1.147947608456676871e+00,-9.615166448714197733e-02,4.365207505187498893e-01,4.905412303243310013e-01
3.592106040535499312e-01,0.000000000000000000e+00,5.541977286133747960e-01,1.232570607028957432e-01,5.176664760643540086e-01,7.506256953982369529e-02,8.968837405322636069e-01,7.481026421441892837e-02,9.628487702238565371e-02,1.025575083791892661e+00,4.064366155439562145e-01,4.297192492919937878e-01,-3.822458840553483728e-01,6.306060142142334568e-01,3.654250560142572879e-01,8.088776930470962245e-01,2.302699878744024209e-01,1.020781410066574635e+00,-4.196974769032362634e-02,2.769331681594519590e-01,8.906868172534630756e-02,9.835526128297308324e-01,-6.484504272492894184e-02,1.170476701883783610e+00,-2.060366755166835595e-01,1.183125735284731306e+00,-6.471333468976967485e-01,1.141233420356797756e+00,-3.879405077457099837e-01,1.160364701793167974e+00,-4.368295864751712831e-01,1.081346043075037233e+00,-3.937707400909726818e-01,1.401370661793556627e+00
3.592106040535499312e-01,0.000000000000000000e+00,5.149132186005770384e-01,-3.384475193207158589e-02,6.195605213014223622e-01,-2.633779581731640063e-01,7.460863189435426035e-01,-2.104500349084568733e-01,7.514515512876642767e-01,-5.458502534863621802e-01,7.516363536191664751e-01,-4.654481640487275751e-01,8.574034609046717881e-01,-2.350002844258853030e-01,9.126786240260554850e-01,-3.607142861085520513e-01,7.871867450845585479e-01,-6.280279657661522186e-02,8.641594336109429397e-01,-4.082695391197344037e-02,9.022480424341933203e-01,-2.633942338750785983e-01,8.787521338078975175e-01,-9.788728726079952425e-02,7.587202380927798862e-01,-1.558560843363892556e-01,6.203728101768974934e-01,-8.442807583015453365e-02,8.303671877197009721e-01,-1.820447117386534974e-01,8.674066453019796397e-01,-2.095362252562458505e-01,1.002656644893260340e+00,-2.607174355075854155e-01
3.592106040535499312e-01,0.000000000000000000e+00,5.272333246748165392e-01,-1.391424612665979055e-01,5.362078819963409515e-01,-1.712912073868541052e-01,6.874872150528209547e-01,-2.099446193249988046e-01,8.226116878311866554e-01,-2.853060599355639049e-01,7.721789998737427219e-01,-3.179687031669793940e-01,8.738612700418406654e-01,-2.458964982281037215e-01,8.939658039888928043e-01,-9.951023054990207339e-02,9.088679108140388374e-01,3.742007188236257109e-02,9.394873386364375190e-01,6.034909578530225915e-02,9.356309244398121061e-01,-2.148789390792643986e-02,8.755758658321306509e-01,9.174469204188287486e-02,8.637373909454238996e-01,1.570561886307540733e-01,6.680068378411483376e-01,1.559816652619289978e-01,8.735337941775982440e-01,7.515077530269166639e-02,9.321612752411222447e-01,1.080552678929641297e-01,1.001665196228118671e+00,4.294086831199327159e-02
-2.783882181415010759e+00,0.000000000000000000e+00,7.255454615600080981e-01,2.124527902689311354e+00,7.682079211152362808e-01,-2.463578026193713466e+00,8.968837405322636069e-01,1.636020282420737715e+00,9.600170544126519490e-01,1.664073766963783507e+00,9.233513620495221730e-01,1.684444681405183664e+00,9.698140120280235310e-01,-2.192106620839954889e+00,1.019216740412408173e+00,1.955292171343177232e+00,1.009822813567078592e+00,-1.944444046349351973e+00,1.029501520609266363e+00,-1.835738699890851811e+00,1.088401407570965818e+00,1.836310850128397343e+00,1.060372446463470508e+00,1.997651882462108341e+00,1.041222520620360026e+00,-1.782795262094949207e+00,8.735301945502226273e-01,1.918681867684538966e+00,1.072086814435544433e+00,2.012551635571416142e+00,1.147947608456676871e+00,1.940602160512264751e+00,1.249845374349538130e+00,2.071846367735889594e+00
3.592106040535499312e-01,0.000000000000000000e+00,5.436538341510653849e-01,-1.048258083390714857e-01,7.682079211152362808e-01,-1.175160198993768640e-01,8.968837405322636069e-01,-2.058638564659669157e-01,8.260232111703531555e-01,-3.301569534309956588e-01,8.120150774079548661e-01,-3.301429958506837958e-01,9.698140120280235310e-01,-2.145723554645574405e-01,1.019216740412408173e+00,-3.463449190536925515e-02,1.009822813567078592e+00,1.328071918928550033e-01,8.953971603516442945e-01,1.144343334423302133e-01,1.036824292329737940e+00,3.736431834119846671e-03,1.042853855050736245e+00,9.507781066693250793e-02,9.790952560198470378e-01,2.133705446473672385e-01,8.169823060794408898e-01,2.068799493697320580e-01,8.665482573988908532e-01,9.207842755569588256e-02,1.147947608456676871e+00,2.023766908734007941e-01,1.209832002750705016e+00,1.269243879708063238e-01
3.592106040535499312e-01,0.000000000000000000e+00,3.603523050325335014e-02,-1.659112058775839282e-01,3.317316952137954744e-01,-2.272599707774957678e-01,1.273739554259136209e-01,4.385222933473986173e-01,2.923221870939364253e-01,-3.501463771301219219e-01,3.022659668003112032e-01,-1.334904961161881842e-01,6.378475655065620753e-01,-1.073178182805247349e+00,5.952394666437819115e-01,9.976786381224179712e-01,3.659545242082574701e-01,3.120469827457312828e-01,4.575674268971784420e-01,4.447432779438613704e-01,4.981978398635385497e-01,-5.120420417465637586e-01,5.847672483807389021e-01,4.127165254799473604e-01,4.547232166772315898e-01,5.496460750063287826e-01,2.900180274979543005e-01,4.442977814699102246e-01,4.314061362410415157e-01,2.192493563509145538e-01,5.744017354958355082e-01,4.079220582035637532e-01,6.709328867997105261e-01,7.567280454171488868e-01
3.592106040535499312e-01,0.000000000000000000e+00,-1.091254475289672898e+00,-1.328547840707656330e-02,-1.083552230800326699e+00,-2.917206963279127541e-01,-1.058474781293540445e+00,-2.732713200227275818e-01,-9.261505951401888259e-01,-4.409909897487188646e-01,-8.958179452075040183e-01,-3.237980876116196005e-01,-6.222327201389523665e-01,-2.596996874004240397e-01,-5.234724629810580954e-01,-2.408504582687515105e-01,-6.582829079833828478e-01,-1.912251141078824199e-02,-5.647040299427720234e-01,1.011187424285667630e-01,-4.844675539455732260e-01,-2.830426701119655858e-02,-4.927898486558195956e-01,8.238199927488958074e-02,-5.333542437566295424e-01,1.471651745524660271e-01,-9.205664943215171592e-01,1.552292091082761449e-01,-5.657207475827635834e-01,8.514818460349116158e-02,-5.985033207039797132e-01,-6.897173817634928879e-03,-6.475067720529030790e-01,3.506416602278512179e-02
3.592106040535499312e-01,0.000000000000000000e+00,1.032100419969985278e-01,-1.416314216481381373e-02,1.475450509305457902e-01,-1.824545540623643269e-01,4.287712022768212783e-02,1.152996681781160715e-01,-7.982473811361764371e-01,3.424260028487334795e-01,2.921681457528760295e-01,-5.780763752710068454e-02,3.576771875846105342e-01,6.791841434431804270e-02,6.896520458914621177e-01,6.230700022194148729e-02,3.466620534438686896e-01,3.971482279826010764e-01,-3.122473994297383371e-01,8.053863356818030672e-01,3.472596381713066727e-01,3.630379448353389660e-01,2.649956512946487486e-01,5.487751767698940686e-01,1.920226511329302110e-01,5.615645574876376722e-01,-1.324653375210266548e-01,5.681663968593330116e-01,1.267498312749307243e-01,5.625584504958455190e-01,1.376017034609092748e-01,5.217081494576846223e-01,1.249845374349538130e+00,6.801432223677240652e-01
-2.783882181415010759e+00,0.000000000000000000e+00,7.255454615600080981e-01,-2.263790885996927127e+00,-2.951231583796913416e+00,1.880136633537887958e+00,-3.093521699762021626e+00,1.636020282420737715e+00,9.600170544126519490e-01,1.664073766963783507e+00,9.233513620495221730e-01,1.684444681405183664e+00,-2.260374238643003686e+00,-2.192106620839954889e+00,-2.066161666374524586e+00,-2.297460279953631890e+00,1.009822813567078592e+00,2.019284190114076782e+00,1.029501520609266363e+00,-1.835738699890851811e+00,-2.126127432642684223e+00,-1.908949096723315808e+00,-2.214130621337360605e+00,-1.747425224335214189e+00,1.041222520620360026e+00,1.120350211019946751e-01,8.735301945502226273e-01,-1.664442673519477722e+00,1.072086814435544433e+00,-1.869937413282764194e+00,-2.257502296310222256e+00,1.940602160512264751e+00,-2.491470343166391377e+00,2.071846367735889594e+00
3.592106040535499312e-01,0.000000000000000000e+00,6.348830858787171127e-01,-2.017513890531395793e-02,6.521056169694036120e-01,-3.193467215638057244e-01,7.677143164299375933e-01,-2.131643037825836084e-01,8.965087527033057668e-01,-3.756494332437513850e-01,8.701903247826119348e-01,-2.880286674138952674e-01,8.997996816947290144e-01,-2.751640053556596022e-01,9.460932721715579197e-01,-1.796958780191034166e-01,1.001538680786333568e+00,-1.527769502141871488e-02,1.025880890966967218e+00,6.794197493079097427e-02,9.852793223769119590e-01,-1.294075592764585558e-01,9.591084390917299363e-01,8.073416534789876198e-02,9.922908679240436403e-01,2.769612519689870073e-02,8.027986156137025819e-01,9.761256648571556283e-02,1.028619395389090752e+00,1.083460566703949024e-01,1.070201187130848552e+00,-3.664867070747061112e-02,1.171988594268031481e+00,1.037413351729887800e-02
3.592106040535499312e-01,0.000000000000000000e+00,7.255454615600080981e-01,2.124527902689311354e+00,7.682079211152362808e-01,-2.463578026193713466e+00,8.968837405322636069e-01,-2.107798854305764635e+00,9.600170544126519490e-01,1.664073766963783507e+00,9.233513620495221730e-01,1.684444681405183664e+00,9.698140120280235310e-01,1.762961909910839786e+00,1.019216740412408173e+00,-2.297460279953631890e+00,1.009822813567078592e+00,2.019284190114076782e+00,1.029501520609266363e+00,1.904595854537085353e+00,1.088401407570965818e+00,1.836310850128397343e+00,1.060372446463470508e+00,1.997651882462108341e+00,1.041222520620360026e+00,2.006865304298938391e+00,8.735301945502226273e-01,1.022900732383534850e+00,-5.990942331020900902e-01,7.130711114432601583e-02,1.147947608456676871e+00,-1.883497696793093201e+00,1.249845374349538130e+00,-2.084724761133847970e+00
3.592106040535499312e-01,0.000000000000000000e+00,7.255454615600080981e-01,-1.191975523720189278e-01,7.682079211152362808e-01,-3.893239647320818619e-01,8.968837405322636069e-01,-3.609702833005458689e-01,9.600170544126519490e-01,-5.172996623654436688e-01,9.233513620495221730e-01,8.154500145506020647e-01,9.698140120280235310e-01,-4.664706701880755313e-01,1.019216740412408173e+00,-4.798764097938886253e-01,1.009822813567078592e+00,6.796827766777143731e-01,1.029501520609266363e+00,-2.954502287046552600e-01,1.080107923163214467e+00,-3.911637769619247806e-01,9.883497514871912859e-01,-2.509111378445381124e-01,1.041222520620360026e+00,-1.636590157443472915e+00,6.358272397093946982e-01,-2.633155685497650667e-01,7.866490915161165054e-01,-3.629492889700141056e-01,7.815041714542345641e-01,-4.067259343981965980e-01,7.633246784437665022e-01,-4.840500022617563736e-01
3.592106040535499312e-01,0.000000000000000000e+00,7.255454615600080981e-01,9.229747164871433818e-02,7.682079211152362808e-01,-2.174431756465023402e-01,8.968837405322636069e-01,-3.400236152305611270e-01,9.600170544126519490e-01,-1.651690220166424916e-01,9.233513620495221730e-01,9.129770609090767652e-02,9.698140120280235310e-01,1.874208100009532585e-01,1.019216740412408173e+00,1.007731461439211051e-01,1.009822813567078592e+00,2.467247414088139246e-01,1.029501520609266363e+00,5.410007877020642786e-01,1.088401407570965818e+00,8.018326002084856796e-01,1.060372446463470508e+00,9.068981751073880160e-01,1.041222520620360026e+00,4.916263717348384188e-01,8.735301945502226273e-01,7.853933221698264910e-01,9.986049837753148140e-01,1.015547860270906932e+00,1.147947608456676871e+00,6.498154946774140628e-01,1.249845374349538130e+00,9.643695561598366606e-01
3.592106040535499312e-01,0.000000000000000000e+00,6.332013536078470173e-01,-6.043796379151019499e-02,6.786252206394270958e-01,-3.508603714201585233e-01,7.659585380362080587e-01,-2.718299496550878880e-01,8.557439399217375842e-01,-3.086838613730575887e-01,8.627991361808808879e-01,-2.332840060137195692e-01,8.756701754622164824e-01,-6.961909381254083318e-02,9.362971957300094683e-01,-1.992798030573252055e-01,9.647858070840671374e-01,4.019468164788696923e-02,9.485310758814875509e-01,1.473492775212960904e-01,9.705889255771354973e-01,1.212065100671238238e-01,9.477950309924780825e-01,3.139962929447699946e-01,9.502640888782249995e-01,1.378236612563050745e-01,7.524736111021973484e-01,2.153540389096795515e-01,9.577613189734950350e-01,2.298679638995307362e-01,1.046907909782243129e+00,2.788301438455730377e-02,1.090521444519122252e+00,9.148961909719181829e-02
3.592106040535499312e-01,0.000000000000000000e+00,-1.227421610857847402e-03,3.455692905377406032e-01,3.619893355862558448e-01,-2.530616358563014812e-01,4.476838001183359173e-01,-1.863398396679382119e-01,2.869061528662196214e-01,-5.475544671417540421e-01,5.336309902840731256e-01,-1.397164373257699099e-01,5.492596527319091315e-01,-1.145091216365623499e-01,5.922312226971645499e-01,-4.826456351177553505e-02,5.098276071753871097e-01,-1.394216633874533207e-01,4.290726014006431277e-01,3.394154568911706416e-01,5.456764308334941527e-01,1.054951445900808998e-01,4.689644473879625575e-01,2.756841541422333508e-01,3.798484930296456286e-01,-2.498015667597633382e-02,1.036678808255694778e-01,2.841858613462087124e-01,3.213421524502128590e-01,5.700516543601340524e-01,3.542904809012270562e-01,2.045946687906378958e-01,3.259087513303915995e-01,1.872985836176392360e-01
3.592106040535499312e-01,0.000000000000000000e+00,6.057078653593520601e-01,7.006720469182309285e-01,3.080016711724559708e-01,1.133886454995999049e+00,-1.890851480166246268e-01,1.422173333330919887e+00,-6.720595658733270472e-01,1.579384373077013626e+00,-1.189470215358435556e+00,1.611101507729251203e+00,-1.558373577065922833e+00,1.434631895830562609e+00,-1.738355637545446752e+00,1.063171025872388986e+00,-2.066521756611707339e+00,5.531011154462546209e-01,-2.005573564085235905e+00,-8.559875852847587119e-02,-1.917633092066427070e+00,-8.031423711156132628e-01,-1.642386013183996463e+00,-1.138176080601425832e+00,-1.229402023885540984e+00,-1.497642252776641092e+00,-1.080754366090037388e+00,-1.507161421783327349e+00,-1.423604528100545774e-01,-1.593543017894835101e+00,3.787756657165011198e-01,-1.302483084973403704e+00,7.789633781429828874e-01,-9.244802790767937539e-01
3.592106040535499312e-01,0.000000000000000000e+00,2.776378014621918022e-01,-2.402932093458156892e-01,7.682079211152362808e-01,-9.352420231671495499e-01,8.968837405322636069e-01,-1.840883268952848484e+00,5.745341912299745113e-01,-2.183605376372864115e-01,-2.126336150127929037e-02,-1.146534407835773983e+00,9.698140120280235310e-01,-4.633659413914361647e-01,1.019216740412408173e+00,-1.947012214204518088e+00,2.014666954367354545e-01,7.412419535201392184e-02,7.508541016447964900e-01,-7.639753552458312946e-02,1.059711737672058840e+00,-4.096840873991065002e-01,1.060372446463470508e+00,5.377646500759100112e-01,5.371335476260822306e-01,-3.897349861913880220e-01,7.267972070179756772e-01,-3.126910247275564436e-01,7.192837834898744287e-01,1.108502621069058502e-01,9.349707714125548019e-01,-4.897089013017229542e-01,1.249845374349538130e+00,-1.191830934085695404e+00
3.592106040535499312e-01,0.000000000000000000e+00,6.435184976516121758e-01,1.090389078275523227e-01,7.214731637360152217e-01,-4.147998512114076664e-01,8.403197434160921686e-01,-3.947020937224516857e-01,8.847900736625523566e-01,-4.724287192975954452e-01,8.316902132632667533e-01,-2.729793381843649280e-01,8.961011161477105968e-01,-5.466992353343554933e-01,9.360966461335682443e-01,-5.856636270198967154e-01,1.003928334473086936e+00,-6.020878417886470491e-01,8.781403930954917447e-01,-6.369988785422423527e-01,9.506267014794087533e-01,-5.478467268384662470e-01,8.989394452208895325e-01,-4.330342375480919492e-01,1.039546096969638178e+00,-6.600514743922640815e-01,6.351544954975810731e-01,-4.925101298278800610e-01,9.393783274505808079e-01,-5.230825497900046805e-01,8.746772808486569240e-01,-7.183135907714371937e-01,9.162322518186424292e-01,-8.621317121437476194e-01
3.592106040535499312e-01,0.000000000000000000e+00,7.255454615600080981e-01,-2.263790885996927127e+00,7.682079211152362808e-01,1.880136633537887958e+00,8.968837405322636069e-01,-2.107798854305764635e+00,9.600170544126519490e-01,-2.345840716311295981e+00,9.233513620495221730e-01,-2.281122968009932972e+00,9.698140120280235310e-01,-2.509589859474647411e-01,1.019216740412408173e+00,-2.297460279953631890e+00,1.009822813567078592e+00,2.019284190114076782e+00,1.029501520609266363e+00,-1.566116683534914067e+00,1.088401407570965818e+00,1.836310850128397343e+00,1.060372446463470508e+00,-1.747425224335214189e+00,-6.186028761339298354e-01,1.120350211019946751e-01,8.735301945502226273e-01,1.918681867684538966e+00,1.072086814435544433e+00,-1.465013217932517264e+00,1.147947608456676871e+00,1.940602160512264751e+00,1.249845374349538130e+00,2.071846367735889594e+00
-2.783882181415010759e+00,0.000000000000000000e+00,-1.164041359642389306e+00,-6.963149165380785877e-02,-1.091511831340838734e+00,-2.917206963279127541e-01,-1.098318979614878899e+00,-2.358892859425134603e-01,-9.673972615007352394e-01,-3.408834746737564592e-01,-8.116694364788766825e-01,-2.983391433023745987e-01,-2.260374238643003686e+00,-2.192106620839954889e+00,-5.234724629810580954e-01,-1.710840543052273843e-01,1.009822813567078592e+00,1.523818160556148271e+00,-5.378706189141314598e-01,3.442857732311665336e-02,-5.188630125358592027e-01,-3.631912329745922569e-02,-2.214130621337360605e+00,1.997651882462108341e+00,-6.186028761339298354e-01,1.120350211019946751e-01,8.735301945502226273e-01,-1.664442673519477722e+00,-2.270275280639724613e+00,-1.869937413282764194e+00,1.147947608456676871e+00,1.940602160512264751e+00,-6.208124844084268457e-01,-6.439196698979209044e-03
3.592106040535499312e-01,0.000000000000000000e+00,7.255454615600080981e-01,-1.325217263472714180e+00,7.524003032193598006e-01,-1.885234137823749156e+00,6.877465914064400110e-01,-2.060065160312501753e+00,9.600170544126519490e-01,-1.059019059483490510e+00,9.233513620495221730e-01,-7.589199979436932475e-01,3.704525821160144505e-01,-1.923201511434208033e+00,1.019216740412408173e+00,-1.394494615732036813e+00,1.009822813567078592e+00,-1.540203222153629259e+00,6.654166463193762482e-01,-1.629122619104252490e+00,1.033770489931534975e+00,-1.908949096723315808e+00,5.711616881340265683e-01,-1.277343145890014187e+00,4.095925641394825845e-01,-1.345165259887782794e+00,9.745313920695004850e-03,-1.270048155269151602e+00,7.548966516129014259e-01,-1.869937413282764194e+00,1.147947608456676871e+00,-1.883497696793093201e+00,-5.129069930956448725e-02,-1.588263905501646533e+00
3.592106040535499312e-01,0.000000000000000000e+00,7.255454615600080981e-01,9.277236610448569287e-01,7.682079211152362808e-01,-1.278938445618412523e+00,8.968837405322636069e-01,-6.571398708261029509e-02,9.600170544126519490e-01,-5.231541375110252412e-01,9.233513620495221730e-01,-2.983391433023745987e-01,9.698140120280235310e-01,-7.539052756603895622e-01,1.019216740412408173e+00,-5.577017796526202442e-01,1.009822813567078592e+00,2.175913388708077267e-01,1.029501520609266363e+00,3.442857732311665336e-02,1.088401407570965818e+00,-7.172822868340377189e-01,1.060372446463470508e+00,2.953458089529193420e-01,1.041222520620360026e+00,-6.022399994343950042e-02,8.735301945502226273e-01,3.908222710514793613e-02,1.072086814435544433e+00,9.536998097226598858e-01,1.147947608456676871e+00,-4.929211451818593659e-01,1.249845374349538130e+00,-3.843130780245270217e-01
-2.783882181415010759e+00,0.000000000000000000e+00,-1.164041359642389306e+00,-6.963149165380785877e-02,-1.091511831340838734e+00,-2.917206963279127541e-01,-1.098318979614878899e+00,-2.358892859425134603e-01,-9.673972615007352394e-01,-3.408834746737564592e-01,-8.116694364788766825e-01,-2.983391433023745987e-01,-6.452801133074901330e-01,-2.145723554645574405e-01,-5.234724629810580954e-01,-1.710840543052273843e-01,-5.832796442684845539e-01,3.742007188236257109e-02,-5.378706189141314598e-01,3.442857732311665336e-02,-5.188630125358592027e-01,-3.631912329745922569e-02,-5.768790874369449373e-01,1.251133290634470208e-01,-6.186028761339298354e-01,1.120350211019946751e-01,8.735301945502226273e-01,-1.664442673519477722e+00,-5.990942331020900902e-01,7.130711114432601583e-02,-5.547773439267728035e-01,2.855223185958574023e-02,-6.208124844084268457e-01,-6.439196698979209044e-03
3.592106040535499312e-01,0.000000000000000000e+00,-2.192479490411905207e-01,-6.963149165380785877e-02,-3.718746759304358274e-01,-6.508738395641644470e-02,-1.180758832065877950e-01,-1.138033438938622216e-01,-6.234132117728607980e-02,-4.193374515390334012e-01,-1.930998213875319280e-01,-5.483483557597506053e-01,9.204265679067853700e-02,-1.199868915516522083e-01,2.545828367504365808e-01,-1.156068985780605018e-01,-1.530675600094956110e-02,4.251717866143975288e-01,1.231529072084663196e-01,3.108954059136576076e-01,1.589846839999931594e-01,-8.517603930413981950e-02,-5.010977891982519583e-02,-8.655842901273763657e-02,1.680049776418956475e-01,9.554999763818126934e-02,-2.142785086132551198e-01,2.508807187357173785e-01,4.758598505307301552e-02,1.472680093851580496e-01,4.487130255410658880e-02,3.112105728123112369e-01,2.169242244791525220e-01,3.549954458118888545e-01
3.592106040535499312e-01,0.000000000000000000e+00,-2.695676460898103199e-01,3.588220132795730266e-01,-9.759674431207426837e-01,-6.901044863451966105e-01,1.450115474720145015e-01,-2.170578756847791613e-01,-8.922875088427775769e-02,-4.298634770576305053e-01,1.687734665615361618e-01,-2.631447304138154197e-01,7.626318718615056336e-02,3.295461976534830861e-01,5.810621528645958378e-01,-2.528644839436650082e-01,3.028198738042339744e-01,2.836865072138353705e-01,1.113349212764599139e-01,2.502084777680643746e-01,3.292422040219090684e-01,1.690102054730362180e-02,2.611153651593047798e-01,-7.433075225904435535e-02,1.769348382764337202e-01,6.718438829872301621e-02,-1.259808308127116638e-01,1.855066114814501177e-01,2.958232178543131474e-01,5.594912841472506893e-01,-1.070563989168920628e-02,-2.486376462971930934e-01,2.671573340064267374e-02,-1.259092196970642077e-02
3.592106040535499312e-01,0.000000000000000000e+00,-7.591217997269275042e-01,-2.786032323710465608e-01,-4.716114462546551755e-01,-1.365849272555986205e-01,-7.182727654812512963e-01,1.206720486393186298e-01,-5.084799128817578673e-01,-1.499313469801971666e-01,-1.094024180665219698e-01,-2.511290604360876255e-01,-1.453761796336419110e-01,-3.087425371817338338e-01,-4.597930074671238709e-02,-2.723420901706044006e-01,-1.281143410402857674e-01,-1.985208513931230601e-01,-1.541846364679725495e-02,1.234859430640458527e-01,-2.138252922439471196e-02,-3.631912329745922569e-02,-2.260324562374248780e-01,-9.781238571866358866e-02,-2.581283393710275681e-02,2.180320301615620501e-02,-5.820453444047247737e-01,8.609282108574463355e-02,-2.807676671671214264e-01,7.130711114432601583e-02,-2.653651837701578864e-01,-1.033886368920975025e-02,-3.459380186425315418e-01,-4.544861674342168950e-02
3.592106040535499312e-01,0.000000000000000000e+00,-1.164041359642389306e+00,-6.963149165380785877e-02,7.682079211152362808e-01,-2.463578026193713466e+00,-1.098318979614878899e+00,-2.358892859425134603e-01,-9.673972615007352394e-01,-3.408834746737564592e-01,9.233513620495221730e-01,1.684444681405183664e+00,9.698140120280235310e-01,-7.157190889959904601e-01,1.019216740412408173e+00,3.241064411237730702e-01,1.009822813567078592e+00,-1.944444046349351973e+00,-5.378706189141314598e-01,3.442857732311665336e-02,-5.188630125358592027e-01,-3.631912329745922569e-02,1.060372446463470508e+00,1.997651882462108341e+00,-6.186028761339298354e-01,1.120350211019946751e-01,8.735301945502226273e-01,-1.664442673519477722e+00,-5.990942331020900902e-01,7.130711114432601583e-02,1.147947608456676871e+00,-1.883497696793093201e+00,-6.208124844084268457e-01,-6.439196698979209044e-03
3.592106040535499312e-01,0.000000000000000000e+00,4.663697331638874122e-01,3.540606873938484389e-01,4.133733923466172966e-01,6.019768763385656696e-01,2.425171044056052827e-01,8.083554667689261120e-01,8.418071511844966992e-02,1.061824710720699061e+00,-1.748300523790279337e-01,1.318283992496438906e+00,-3.284470987404223830e-01,1.479601025025198968e+00,-5.861210715308667885e-01,1.663638408233242050e+00,-8.579464390239139870e-01,1.539375793884267374e+00,-1.072344518491610055e+00,1.264007457072984675e+00,-1.293548390383147950e+00,1.014076481396572138e+00,-1.562995686305165055e+00,8.927792344147621462e-01,-1.601783851647365919e+00,5.998969741167117231e-01,-2.173216216718559579e+00,2.850995581042157778e-01,-1.555694976523107398e+00,-8.042056088489533960e-02,-1.488994416301476331e+00,-3.523854754258874400e-01,-1.423549184758644781e+00,-6.705345659584971418e-01
3.592106040535499312e-01,0.000000000000000000e+00,7.255454615600080981e-01,-4.827697640146737523e-01,6.386784403566707624e-01,-1.076977432514191646e+00,-1.315157611240470370e+00,-1.987940484643465400e+00,9.600170544126519490e-01,-4.320889795958481883e-01,7.100504456446087020e-02,-1.641536389674015606e+00,-8.917090407196603952e-02,-1.593052165829785372e+00,-1.320811377754971261e+00,-2.244619830746268807e+00,-4.956749401121069432e-01,-1.196032699381509579e+00,-1.892937723932969565e-02,-1.835738699890851811e+00,-7.302343564241078333e-01,-8.846205012593721939e-01,-8.725012243980040383e-01,-5.440195976080305362e-01,-9.560785758020120539e-01,-3.914024368406013310e-01,-1.377696186248901888e+00,-2.025457763309449488e-01,-9.172871045532556833e-01,-1.537413665725065604e-01,-8.378723945100451376e-01,-9.167746765409472143e-02,-8.778034610445960562e-01,-5.729484446070044062e-02
3.592106040535499312e-01,0.000000000000000000e+00,7.255454615600080981e-01,-5.973487675872714009e-01,7.682079211152362808e-01,-7.315869613456333909e-01,6.443309802160381849e-01,-4.254575679306599190e-01,7.404460155437988522e-01,-3.155007159946252027e-01,9.233513620495221730e-01,-7.246040999168955332e-02,8.471476132087912836e-01,-8.941421180894856824e-02,7.848822504169407077e-01,-2.518225595930972949e-01,4.250108323202216876e-01,-6.901024272793174763e-01,8.311035551883944050e-01,1.075225959358780924e-02,9.866776424224049657e-01,8.219962772066323475e-02,1.060372446463470508e+00,5.991651892418520253e-01,4.109038262029183763e-01,-6.075267789420447651e-01,5.864366021587414934e-01,2.786704729117937124e-02,1.072086814435544433e+00,-5.155425480666451371e-02,3.504763770078880847e-01,7.696533605307157022e-02,9.420099171123272885e-01,-5.906138719047008406e-02
3.592106040535499312e-01,0.000000000000000000e+00,7.255454615600080981e-01,2.990092281897795967e-01,7.561569371193208600e-01,6.303047993236718383e-02,7.894620260795414124e-01,3.883363978195798483e-01,8.011788406382297500e-01,1.124373576604912606e-01,7.742783750399621079e-01,4.374124505318590650e-01,7.154366872876801731e-01,7.128714396538501363e-01,7.262754875800229160e-01,8.756246427701996904e-01,6.668756474688170011e-01,9.948784460412861685e-01,4.823475804230433206e-01,1.099993786861319656e+00,3.900932349671534793e-01,1.051135828570670006e+00,3.332035501969400904e-01,1.337020280823060459e+00,1.832753712920350830e-01,1.158663476328658515e+00,-1.857242542896084536e-01,1.365608679126993019e+00,-2.749988098760594839e-03,1.549506579159822373e+00,2.280398717121713201e-02,1.306642886168182471e+00,-2.073783910443290357e-01,1.628859799676597220e+00
3.592106040535499312e-01,0.000000000000000000e+00,8.015708277832929440e-02,8.873950113768304115e-01,-2.605704487459398200e-01,1.332915460704900745e+00,-9.921941469302524297e-01,1.357218071308714968e+00,-1.584690244458315744e+00,1.305968354034902079e+00,-1.995873182098464982e+00,7.407982035503626328e-01,-2.005367027193779350e+00,-7.394989385371295021e-02,-1.800988819203221514e+00,-7.818430975982185727e-01,-1.332547592237706580e+00,-1.384071966919334873e+00,-6.124618590340499269e-01,-1.573952684426440651e+00,-1.444989838045775687e-01,-1.465435413817135712e+00,3.508367492170474944e-01,-8.510035680522070045e-01,6.146473936545074901e-01,-2.412560852000755485e-01,4.018243780335419291e-01,5.519527583103848167e-01,1.560289232277900229e-01,1.218019664168652483e+00,-2.048843934614977547e-01,1.496318239090528079e+00,-9.675015053720403824e-01,1.538890817592211580e+00
3.592106040535499312e-01,0.000000000000000000e+00,-5.436144227687940145e-01,-1.433867491636126382e-02,-8.081649298566311312e-01,1.704071063209323389e-01,-8.006546857961267527e-01,1.149379951933343191e+00,-1.462858385549430595e+00,1.510173249095685621e+00,-9.905847812231252103e-01,8.592436192595021005e-02,-1.636172661083334257e+00,2.953546302051424099e-01,-1.974417939448715131e+00,-2.860997443505495230e-01,-7.922468936627753422e-01,-2.465612376190597921e-01,-1.013019483010649369e+00,-7.999465534058954885e-01,-7.022358102258469126e-01,-1.639234201650789702e+00,-5.331972165124818641e-01,-3.015633057139719408e-01,-1.548144637728461892e-01,-7.244545225252952379e-03,-3.647489639889112678e-01,-8.564633817416389405e-02,-1.368956907846065330e-01,-1.501694766475606957e-01,-2.980404756063962934e-01,2.827783903732459247e-01,-3.926483453757179110e-01,4.189442926295497416e-01
3.592106040535499312e-01,0.000000000000000000e+00,3.594758066884677916e-01,2.171231995928943892e-01,2.672180170010942657e-01,2.365401620153459727e-01,1.908812580081972188e-01,1.204848576824822659e-01,-2.557380736360353457e-01,5.729158873473850777e-01,-3.450157019405101361e-02,6.224458370535683738e-01,-2.415065819736117170e-01,9.187129813367752584e-01,-1.348381988621761007e-01,6.181204818441778936e-01,-3.408891053088035639e-01,1.065551720497428967e+00,-6.915984783585862328e-01,1.109774761721148639e+00,-5.745065067599575137e-01,7.667582408062194599e-01,-7.218740832791658013e-01,9.569698560252684061e-01,-8.666305851709233954e-01,8.700808241977641133e-01,-1.367829271142301462e+00,7.537364168482890703e-01,-9.973701003512591701e-01,6.447701561053327257e-01,-1.008281107744580796e+00,4.854556828104298338e-01,-1.066889557407851186e+00,6.410298880450597814e-01
3.592106040535499312e-01,0.000000000000000000e+00,7.255454615600080981e-01,1.060689720342050002e+00,-2.461762178619297803e-01,4.322245074362546791e-01,-9.773897427467606036e-01,4.448119094970992005e-01,-1.586174353481569099e+00,1.123978385211463094e+00,-1.600323140449960491e+00,6.630135941070850469e-01,-1.575186706910665535e+00,-2.145723554645574405e-01,-1.411691198726880536e+00,-4.288221166160704478e-01,-1.114308486538812870e+00,-9.234867458422841846e-01,-6.803604201182035238e-01,-1.552370954047391338e+00,2.604191415529348852e-01,-1.114504556797130563e+00,3.657848557215584440e-01,-6.692924268304010216e-01,1.041222520620360026e+00,-6.344144206606094905e-01,3.682432294605098022e-01,3.480371406704643178e-01,1.021450028695154000e+00,1.188998058528467627e+00,-1.420027609699769655e-01,7.238500679148458516e-01,-4.507509784687402932e-01,6.863157304940956660e-01
3.592106040535499312e-01,0.000000000000000000e+00,5.908179212082771414e-01,6.580395298861441145e-01,3.249995097099045993e-01,1.062410630270115286e+00,-1.145842784463303454e-01,1.341494030934463622e+00,-5.512299624087166894e-01,1.567695472358266784e+00,-1.053808939121499977e+00,1.608444577404143150e+00,-1.407636842348359174e+00,1.438448536962737112e+00,-1.614878793705833981e+00,1.221479735871912942e+00,-1.976830088235564942e+00,7.657551353325176002e-01,-1.976937675096143598e+00,1.390644364832381852e-01,-1.962572205252613777e+00,-5.264425662422086427e-01,-1.787937674547743327e+00,-8.873495413736750548e-01,-1.461080452764504711e+00,-1.304066391045241247e+00,-1.412361200496522695e+00,-1.415809661605331060e+00,-4.685749932894008318e-01,-1.620662203901081400e+00,5.856121117126951436e-02,-1.463936580948835831e+00,4.904892297439172322e-01,-1.259021906383874789e+00
3.592106040535499312e-01,0.000000000000000000e+00,7.255454615600080981e-01,-3.819920230324942434e-01,7.682079211152362808e-01,-6.447778238708973264e-01,8.968837405322636069e-01,-6.787082134345241435e-01,9.600170544126519490e-01,-4.915359618104012118e-01,9.233513620495221730e-01,-7.942333778617348683e-01,9.698140120280235310e-01,-7.319150946294150639e-01,1.019216740412408173e+00,-6.383552298914643153e-01,1.009822813567078592e+00,-7.276983896021731457e-01,1.029501520609266363e+00,-8.288780411843955642e-01,1.088401407570965818e+00,-7.014585635585891543e-01,1.060372446463470508e+00,-9.920618972797281554e-01,1.041222520620360026e+00,-7.907189707215253049e-01,8.514791342741080404e-01,-7.630539483114893162e-01,1.072086814435544433e+00,-1.400544487276293770e+00,1.147947608456676871e+00,-1.420035914586970316e+00,1.249845374349538130e+00,-1.761281178740849329e+00
3.592106040535499312e-01,0.000000000000000000e+00,-5.031888722569613503e-02,-1.406466985845239881e+00,4.972467531823860920e-01,9.092729699412778199e-01,5.203091791316918346e-01,-9.952067388725062413e-02,1.239625465989019765e-01,-1.557916221806563209e-02,-2.429122685132822923e-01,1.809393628059363934e-01,1.676129109151273111e-01,2.771514272923621819e-02,4.624139262316044885e-01,2.513843742065975939e-01,5.614281957846809501e-01,8.839733299850394133e-01,3.132908214540497394e-01,2.945127405652632757e-01,5.295877139882249063e-01,4.845529038109428477e-01,5.507615340216273081e-01,2.615277626785394993e-01,2.423817536704553077e-01,6.170641364824760444e-01,-7.928117010931313990e-02,6.231494429441086780e-01,1.732587998279031261e-01,6.259983215541228274e-01,1.856355743676464110e-01,5.892417529376973162e-01,1.428087601151619701e-01,6.158410670041092327e-01
3.592106040535499312e-01,0.000000000000000000e+00,-2.217044119087536735e-01,-2.974167386464995552e-02,-2.896564656743528254e-01,-5.004361857280162917e-01,-8.776875388755273066e-02,-3.136858476036901711e-01,-1.184464933354342905e-03,-1.482070837523888907e-01,-3.654889473631454944e-02,-1.798876376143450362e-01,2.566530500448742091e-01,-4.508481494916098953e-01,2.739127324689568099e-01,-2.483990938698033557e-01,2.567154886744728581e-01,-8.097649054080005571e-02,3.292780172771883618e-01,1.499753931286351705e-02,2.618013889542267214e-01,-9.955783750005040011e-02,2.268640630701080907e-01,1.056576534936349426e-01,3.643623220779281802e-01,1.120350211019946751e-01,-7.569707192848956811e-04,6.835635460678475550e-02,1.214688991647117910e-01,1.368629387342288617e-01,3.739739813507797495e-01,-7.575009174841790260e-02,4.821460956938566911e-01,-1.845690524266918042e-01
3.592106040535499312e-01,0.000000000000000000e+00,6.908904392591561638e-01,-5.045453854724901016e-02,7.329290374111444573e-01,-3.746422091821889899e-01,8.483005542966807200e-01,-3.425694122435350986e-01,8.818989521886824168e-01,-4.806490439883093768e-01,9.060705548961793809e-01,-3.877032102819442105e-01,8.844239856215349027e-01,-4.341182096065340223e-01,9.169210193353874994e-01,-4.430475735656583813e-01,9.176936984304479017e-01,-1.921392489324169339e-01,7.110428493009022244e-01,-3.246435399019653167e-01,8.999335816692394241e-01,-3.619132967770128939e-01,8.353649681595365362e-01,-2.257816704579280742e-01,8.501268226920387638e-01,-2.610381133566516687e-01,5.336635562098029917e-01,-2.515450044319098577e-01,7.135516324968204094e-01,-3.919514821649547898e-01,7.548054442008620413e-01,-4.130356991627504026e-01,7.695165559562552327e-01,-5.031910123102015797e-01
3.592106040535499312e-01,0.000000000000000000e+00,6.877915168723842676e-01,-6.798587210805052961e-02,7.682079211152362808e-01,-2.917206963279127541e-01,8.765725768411657404e-01,-2.372932181187858980e-01,8.582688526755841707e-01,-2.928847983089538087e-01,8.834458836833689599e-01,-2.561058478361035728e-01,9.357032241009374252e-01,-1.538027274895714946e-01,1.006412420024242582e+00,-1.213693781495676777e-01,9.131055633518814219e-01,1.506439689569404050e-01,9.284373650527975030e-01,1.331547078872420686e-01,1.052045086388149420e+00,6.712495643458508965e-02,1.060372446463470508e+00,2.419784601810574809e-01,9.442057261800718138e-01,2.656489121607709669e-01,8.120301611869236158e-01,2.570974398147063411e-01,1.000242741201901708e+00,2.283149682799890667e-01,1.117128286818536376e+00,1.839254090619024395e-01,1.198346163497931105e+00,1.726258875327290609e-01
3.592106040535499312e-01,0.000000000000000000e+00,4.158232856967232216e-01,2.203266723086353129e-01,2.506665112042351651e-01,-1.601278607113438557e-01,2.151030190307836043e-01,-8.024000533310912675e-02,-5.069765297153453476e-01,-8.102096658511494243e-02,-5.108836902798253449e-02,1.047608082606720364e-01,1.528671015508140107e-01,3.629764144096543632e-02,1.668346748614162600e-01,1.161255824931026054e-01,-1.156722108445900343e-01,9.533014141709326983e-02,2.169444560375464459e-01,3.290921335209495702e-01,8.882259806216733986e-03,2.373844736184639870e-01,-9.397174751301738682e-02,3.992155225099430216e-01,-1.798114342479658345e-01,3.873538612505106893e-01,-5.534163407242099764e-01,3.835638204965021170e-01,-1.574177940483686144e-01,3.845657400511255930e-01,-2.352269521129708163e-01,2.892028781335189147e-01,-3.092544180322878145e-01,2.678529320951347770e-01
3.592106040535499312e-01,0.000000000000000000e+00,6.516059292463582953e-01,1.195050481385689922e-01,7.079530011356595098e-01,1.269916782969149616e-01,8.175943844336162059e-01,2.779686096688825381e-01,9.223168303933859669e-01,3.618941376650339770e-01,7.995923284904914441e-01,6.193130386105304419e-01,7.479808339131908124e-01,8.239693146826400083e-01,7.541827352694108200e-01,1.079097583802495652e+00,5.835404578994385361e-01,1.406194525139095930e+00,5.436631785211987200e-01,1.402268923877413531e+00,3.566621350289316261e-01,1.252424824414215321e+00,2.145519315351769318e-01,1.551931530596624809e+00,5.553520875782498589e-02,1.527264811318960191e+00,-3.710279099658388424e-01,1.628377117356189840e+00,-1.822348326043025379e-01,1.741961561311524020e+00,-3.205504994769055038e-01,1.688880787405139250e+00,-4.515553613480062234e-01,1.786809502573647235e+00
3.592106040535499312e-01,0.000000000000000000e+00,-5.341853845309940674e-01,-6.181713402395876411e-01,-2.649779845592606931e-01,1.909094395148654977e-01,-3.224045937768566517e-01,7.610188181658962547e-02,-1.643015384891042818e-01,-6.241496338271854821e-02,5.584096278532271751e-02,-5.186462540656313625e-01,2.415842218554937471e-01,-3.815355734902022289e-01,3.764244300344526395e-01,5.377009329901553114e-01,3.017843572066409852e-01,9.247625708683958334e-02,-1.460275840332820041e-01,-3.292067480583674155e-01,2.401193919269856425e-01,-1.403624446209998378e-01,2.872295271250164261e-01,7.309420805003222221e-02,2.688662240984594776e-02,2.699312286007959916e-01,-2.188755940606484096e-01,-1.282855202144916884e-01,-2.741497902188724245e-01,-1.983123408533525867e-01,7.393681749129212000e-02,-2.546032420745894531e-01,-4.649305650381256316e-01,-1.045581978916413579e+00
-2.783882181415010759e+00,0.000000000000000000e+00,-1.164041359642389306e+00,-6.963149165380785877e-02,7.682079211152362808e-01,1.880136633537887958e+00,-1.098318979614878899e+00,-2.358892859425134603e-01,9.600170544126519490e-01,1.664073766963783507e+00,-8.116694364788766825e-01,-2.983391433023745987e-01,9.698140120280235310e-01,-2.192106620839954889e+00,-5.234724629810580954e-01,-1.710840543052273843e-01,-5.832796442684845539e-01,3.742007188236257109e-02,-5.378706189141314598e-01,3.442857732311665336e-02,-5.188630125358592027e-01,-3.631912329745922569e-02,-5.768790874369449373e-01,1.251133290634470208e-01,-6.186028761339298354e-01,1.120350211019946751e-01,8.735301945502226273e-01,-1.664442673519477722e+00,-5.990942331020900902e-01,7.130711114432601583e-02,-2.257502296310222256e+00,1.940602160512264751e+00,-6.208124844084268457e-01,-6.439196698979209044e-03
3.592106040535499312e-01,0.000000000000000000e+00,4.391407870703608052e-01,7.943969759786365104e-02,4.067155956328244448e-01,-3.416516963415275332e-01,4.386056277416665039e-01,-2.976435826028170917e-01,3.186699407924723504e-01,-4.736116440701615971e-01,2.220906557003139159e-01,-4.503393513044560148e-01,4.410321953931762851e-01,-3.286958579193716701e-01,4.678596191195832921e-01,-3.079801557124716704e-01,4.120058817847786076e-02,1.271985164382592459e-01,5.789447253818702510e-01,6.049870916747936839e-02,3.807228833979307003e-01,-1.868598468611638308e-01,2.979044071260470994e-01,-3.317235485534178463e-02,1.621457939913530377e-01,-3.204031461292118355e-01,-8.589648819214747155e-02,-3.641420697802069673e-02,2.801642514388855698e-01,-9.441693390601467450e-02,1.991381832400471452e-01,-1.554060917760884952e-01,1.690353832949486046e-01,-2.102774448587511613e-01
-2.783882181415010759e+00,0.000000000000000000e+00,7.255454615600080981e-01,2.124527902689311354e+00,7.682079211152362808e-01,-2.463578026193713466e+00,-1.098318979614878899e+00,-2.358892859425134603e-01,-9.673972615007352394e-01,-3.408834746737564592e-01,-2.546690235007275316e+00,-2.281122968009932972e+00,-6.452801133074901330e-01,-2.145723554645574405e-01,-5.234724629810580954e-01,-1.710840543052273843e-01,-2.176382102104047256e+00,2.019284190114076782e+00,1.029501520609266363e+00,1.904595854537085353e+00,-2.126127432642684223e+00,1.836310850128397343e+00,-2.214130621337360605e+00,1.997651882462108341e+00,1.041222520620360026e+00,-1.782795262094949207e+00,8.735301945502226273e-01,1.918681867684538966e+00,-2.270275280639724613e+00,2.012551635571416142e+00,1.147947608456676871e+00,1.940602160512264751e+00,-6.208124844084268457e-01,-6.439196698979209044e-03
3.592106040535499312e-01,0.000000000000000000e+00,7.255454615600080981e-01,1.801735553921562649e-01,2.106453421313804475e-01,-5.554710504668155524e-01,5.296467278619805263e-01,-5.474459701200166256e-02,4.040929432737537241e-01,-3.180470116915048995e-01,1.628396954305690869e-01,-4.525997248646226323e-01,4.702653990617491342e-01,3.309403593105727376e-02,3.810679245366669354e-01,-8.634796171313846580e-02,2.631516226041284434e-01,-3.028040639643280255e-02,5.506693319848682266e-01,3.502624270990116750e-01,6.492324774209768945e-01,9.871622408627928058e-02,-5.184526554575964036e-02,2.352560467743562700e-01,2.664326236694249950e-01,8.203415292638441825e-01,-7.784224498960058691e-02,4.487229402782971222e-01,-3.454089500858771866e-01,7.012021344304282255e-01,1.968224773048057041e-01,3.898723068770824640e-01,4.298799151201592172e-01,3.090445519822338505e-01
3.592106040535499312e-01,0.000000000000000000e+00,6.911927731505486117e-01,-6.963149165380785877e-02,5.567019936684068915e-01,-2.237198433298145106e-01,6.225234144848299511e-01,-1.503055804769456161e-01,5.745341912299745113e-01,-3.408834746737564592e-01,3.870737834323793591e-01,-2.082216184694160865e-01,6.361840185574664241e-01,-4.774756483748893859e-02,6.662185968919152046e-01,3.260152434963328738e-02,4.160257344580291505e-01,5.419035831782454959e-01,5.307950532557115242e-01,2.724447666941384183e-01,6.170550437304384017e-01,1.997820637520727471e-01,5.463409548800961524e-01,3.777749560735283452e-01,6.187139658765554717e-01,5.426730995641640964e-01,2.116433268216624530e-01,3.974305124709616721e-01,5.251593930079029304e-01,1.242448493254527525e-01,4.790321109128385380e-01,3.433712526122493225e-01,4.798825996847596587e-01,3.484696291395633638e-01
3.592106040535499312e-01,0.000000000000000000e+00,7.255454615600080981e-01,7.382264954834524828e-02,7.682079211152362808e-01,1.588528253260463041e-01,8.968837405322636069e-01,2.560672677190325430e-01,8.260810335998305387e-01,3.049734015749442917e-01,6.938601610281708298e-01,4.757198340252091207e-01,5.736960268482353964e-01,7.758163553207491070e-01,7.038139327786140376e-01,9.414572507162741744e-01,4.674351507723827903e-01,1.241521435555222874e+00,3.652335341578550332e-01,1.212615260295144992e+00,2.495218887846105960e-01,1.220871009361989667e+00,8.707552710569059495e-02,1.414168869223085379e+00,-4.788851171393487122e-02,1.477866585836015823e+00,-4.773401827716148293e-01,1.423959862280500532e+00,-2.766231381692281222e-01,1.443417565899882016e+00,-3.611434623417269507e-01,1.418383083998644878e+00,-4.900535000812450970e-01,1.478371141955868273e+00
3.592106040535499312e-01,0.000000000000000000e+00,4.112504855894134614e-01,6.205632874307637215e-01,1.273670916163975320e-01,9.608111443789930650e-01,-4.007562045970349818e-01,1.087120239689581602e+00,-6.340895038498332026e-01,1.241970118881831953e+00,-1.140906983207625736e+00,1.285627542903505560e+00,-1.319242740868746600e+00,1.101298720058885516e+00,-1.578995842834901797e+00,8.441330108683468003e-01,-1.773725455886109081e+00,4.237250258080884069e-01,-1.669199829222119735e+00,-5.696649751432999315e-02,-1.515849132328122684e+00,-5.643071443048793823e-01,-1.381833804079084294e+00,-8.760019577400792734e-01,-1.059734671829317687e+00,-1.138818242047635598e+00,-1.023795356156480318e+00,-1.121706799263305410e+00,-2.196024408272440331e-01,-1.179397911053559511e+00,1.790971105504939320e-01,-9.505320546063049658e-01,5.887923002216483015e-01,-6.314835802027659595e-01
3.592106040535499312e-01,0.000000000000000000e+00,6.131528374348895749e-01,-1.032240719812010099e-01,6.597862595470471714e-01,-2.699804044559560579e-01,7.970038923616976634e-01,-2.634437947888205178e-01,8.805690363107020469e-01,-3.621360214351144191e-01,8.303715974563852242e-01,-3.719004231990249987e-01,9.241553011047884958e-01,-2.495153859337407021e-01,9.737845433724707789e-01,-2.537362981961808761e-01,9.375756171042357590e-01,-4.312288588257431193e-02,9.547378695540001958e-01,-5.367500310643340961e-02,9.956461778866008139e-01,-7.712373041840862864e-02,9.427359237527257463e-01,4.240330115982816200e-02,9.092498033244265088e-01,2.722241762609946616e-02,7.370191815697001436e-01,2.272526357455159976e-02,9.106841488643597771e-01,-7.387856683757604292e-02,1.011576367020286416e+00,-1.099566649720143258e-01,1.101109367999692390e+00,-1.606479855800464762e-01
3.592106040535499312e-01,0.000000000000000000e+00,-1.119881715630889119e+00,-8.262091526831913391e-02,-1.276070419574579562e+00,-5.512359286735772912e-01,-1.113542376369601739e+00,-4.572238733057842897e-01,-6.839517122025126072e-01,-2.078144625462729489e-01,-7.459815490465915300e-01,-4.232941799354448809e-01,-6.452801133074901330e-01,-2.145723554645574405e-01,-5.940042133602073671e-01,-5.015229197709893949e-01,-5.887439856988604392e-01,-1.646507936125430338e-01,-7.192939440639647408e-01,-6.682227906524761119e-02,-4.893214924942957400e-01,3.238767042753545183e-02,-5.520092366369976356e-01,1.417414714176271351e-01,-5.602932099459516646e-01,8.294937625492157518e-02,-1.055750706217629453e+00,2.923553853001538694e-01,-7.304323516280727402e-01,8.551702106313231744e-02,-5.547773439267728035e-01,2.855223185958574023e-02,-6.215420409733424245e-01,2.431836824452928425e-01
3.592106040535499312e-01,0.000000000000000000e+00,3.692260746858720410e-01,1.185958825209557782e-02,4.919093574928373180e-01,-2.948264523096207901e-01,4.778911693013637163e-01,-2.225238516243998599e-01,5.662655838147061527e-01,-4.268159420503414569e-01,7.077056270004273841e-01,-2.983391433023745987e-01,7.367720806833621960e-01,-3.473440060418616082e-01,8.098583886198809090e-01,-1.650026182998729218e-01,7.367172592203280468e-01,-7.017533109643719902e-02,7.317008140998207955e-01,-1.873171567361436030e-01,7.164322028256432384e-01,-1.941631037575246854e-01,8.030947404263594214e-01,3.148640139351396861e-02,6.594626793668734166e-01,-1.789349141681977756e-02,5.296457782781381907e-01,-2.819093615595748281e-02,7.808166696602102386e-01,-1.311452803081752105e-01,8.317345575495462828e-01,-6.705026457304821830e-02,9.158020005111281447e-01,-3.211539797213514014e-01
3.592106040535499312e-01,0.000000000000000000e+00,5.139873210581877849e-01,7.671770181607708849e-01,1.345270126633532348e-01,1.216221566371211260e+00,-5.167572907463897636e-01,1.409369471883315184e+00,-1.097035148389069681e+00,1.466284735076239798e+00,-1.498685622072166712e+00,1.296631993130632265e+00,-1.688210993801644744e+00,9.027740551578494754e-01,-1.803287426116277681e+00,4.010387329677323476e-01,-1.840874724483877900e+00,-1.251918790185496122e-01,-1.521866848106920633e+00,-5.442385815924294379e-01,-1.268442920141079400e+00,-1.077595020020906791e+00,-8.461905922482242381e-01,-1.079640525422183472e+00,-4.598903716962847166e-01,-1.044853608303899284e+00,-4.269964909208922577e-01,-7.398532169071933007e-01,1.233071983170031805e-01,-5.079214300542290728e-01,2.459971739296396565e-01,-1.523468118902442103e-01,1.677072162152304646e-01,2.545103387714628962e-01
3.592106040535499312e-01,0.000000000000000000e+00,6.963513451724311354e-01,-1.296636926830355974e-01,7.320921635225393631e-01,-3.808537211456051730e-01,8.968837405322636069e-01,-3.788095814870476863e-01,9.353461511689604713e-01,-3.116912972355139200e-01,8.414236799430110381e-01,-3.499708340977594201e-01,9.455876001479908144e-01,-3.620568609762546131e-01,1.009682921135436784e+00,-3.230986906768318345e-01,9.683384255650405725e-01,-1.514912158674844578e-01,9.866182188719061497e-01,-1.941806706435188767e-01,1.077054120765011724e+00,-1.346696495017851991e-01,9.830614290326928906e-01,-4.180475758650962353e-02,9.972703441143064840e-01,-4.601277281946240805e-02,8.109836701907690015e-01,-1.042069232976007148e-01,9.629419802208615264e-01,-2.182489221192187301e-01,1.099113456822319534e+00,-2.726912343996438226e-01,1.189572778140356224e+00,-3.971568828127345352e-01
3.592106040535499312e-01,0.000000000000000000e+00,7.255454615600080981e-01,2.124527902689311354e+00,-1.091511831340838734e+00,-2.917206963279127541e-01,-1.098318979614878899e+00,-2.358892859425134603e-01,-9.673972615007352394e-01,-3.408834746737564592e-01,1.669889357052200055e-02,-2.064959875440314896e+00,-1.477118191620293119e+00,6.849882065120570518e-01,-1.996570956409445374e+00,4.364428971247782396e-01,4.468522670171472533e-01,2.019284190114076782e+00,-5.378706189141314598e-01,3.442857732311665336e-02,-5.188630125358592027e-01,-3.631912329745922569e-02,4.387080390414828113e-01,5.052573807889092494e-01,-2.278428272888219919e+00,-1.782795262094949207e+00,8.735301945502226273e-01,-1.664442673519477722e+00,1.072086814435544433e+00,2.012551635571416142e+00,-5.547773439267728035e-01,2.855223185958574023e-02,-6.208124844084268457e-01,-6.439196698979209044e-03
3.592106040535499312e-01,0.000000000000000000e+00,4.805038425864812113e-01,9.610090590570421476e-01,-8.828601087840905193e-02,1.492699004463127643e+00,-8.912169372636055131e-01,1.547572555315573917e+00,-1.700450748272073653e+00,1.421794733884303108e+00,-2.094526464702789692e+00,8.561565664718483459e-01,-2.132765651800244910e+00,1.162889024754002187e-01,-1.794910623741851063e+00,-7.014448125064524087e-01,-1.529311676804976816e+00,-1.217932297887970083e+00,-9.142280170564898167e-01,-1.515584763704592719e+00,-2.163276307391515385e-01,-1.510060186083874045e+00,2.672386858960922873e-01,-9.502855621534040953e-01,5.312245692136369213e-01,-3.586976661526221077e-01,2.960353507258431383e-01,3.149469855324452117e-01,2.832559363768302196e-01,8.431847589470256032e-01,-1.125115647946955816e-01,1.110256237996265716e+00,-7.468761175101261696e-01,1.189655711344576483e+00
3.592106040535499312e-01,0.000000000000000000e+00,-3.570366200432693038e-01,-1.166711188825367396e+00,-1.091511831340838734e+00,-2.917206963279127541e-01,-1.098318979614878899e+00,-2.358892859425134603e-01,-7.195911861369387597e-02,6.824868006028765866e-01,2.112641259174966868e-01,-2.570377562337161637e-01,-6.452801133074901330e-01,-2.145723554645574405e-01,-5.234724629810580954e-01,-1.710840543052273843e-01,-3.210868417579075262e-01,-8.626831546949351726e-01,3.894964548776773117e-01,-3.084291896085202267e-01,-5.188630125358592027e-01,-3.631912329745922569e-02,-5.768790874369449373e-01,1.251133290634470208e-01,1.020474703160931584e+00,-6.616810284358134453e-01,-2.863937648859022023e+00,-1.664442673519477722e+00,-1.065637846143171474e+00,-1.396759060453660828e+00,-5.547773439267728035e-01,2.855223185958574023e-02,-6.208124844084268457e-01,-6.439196698979209044e-03
3.592106040535499312e-01,0.000000000000000000e+00,-2.284124451240222009e-01,1.433994439429655543e-01,-5.408116182435457331e-01,-1.652100068632298691e-01,-4.009756768962511875e-01,-2.358892859425134603e-01,1.366642069407711657e-01,-3.895437869282996068e-01,1.990148790798862422e-01,-2.502169798767221454e-01,-1.043043360263597868e-01,-1.185828422232356738e-01,2.853132056820344986e-01,-1.607711296108325916e-01,1.668645100525470992e-01,-1.742430159447845572e-01,1.392968402455572741e-01,4.349888861760439762e-02,4.289197493567717401e-02,7.276157265459692880e-02,-2.669146270389182729e-01,6.068800480818545839e-01,-1.029283218703070657e-01,-1.731179882163134398e-01,-3.122375407890113364e-01,1.954676977059972565e-01,5.801415478970780443e-02,4.105590042332042944e-01,-1.084250249089753759e-01,2.855223185958574023e-02,7.842071661671282112e-02,-4.679950236030435556e-02
3.592106040535499312e-01,0.000000000000000000e+00,-1.164041359642389306e+00,-6.963149165380785877e-02,-1.091511831340838734e+00,-2.917206963279127541e-01,-1.098318979614878899e+00,-2.358892859425134603e-01,-2.894811577414122095e+00,1.664073766963783507e+00,-8.116694364788766825e-01,-2.983391433023745987e-01,9.698140120280235310e-01,5.237005118280395610e-01,-7.085951673882741053e-01,-4.262492013830359028e-01,-5.832796442684845539e-01,3.742007188236257109e-02,-2.105242758437528838e+00,-1.835738699890851811e+00,-5.188630125358592027e-01,-3.631912329745922569e-02,1.060372446463470508e+00,-1.747425224335214189e+00,-6.186028761339298354e-01,1.120350211019946751e-01,8.735301945502226273e-01,5.332130169598878755e-01,-5.990942331020900902e-01,7.130711114432601583e-02,-5.547773439267728035e-01,2.855223185958574023e-02,-6.208124844084268457e-01,-6.439196698979209044e-03
3.592106040535499312e-01,0.000000000000000000e+00,4.740225597897571030e-01,7.191688106125434521e-01,2.477467511928791721e-01,1.156191429773720802e+00,-3.560836156929404472e-01,1.318712891487482830e+00,-8.007530197468638589e-01,1.381234448885975574e+00,-1.230121752667955759e+00,1.409254114374021816e+00,-1.481301285404912127e+00,1.121785975048174677e+00,-1.583515922200844805e+00,7.118724096330160123e-01,-1.810271226268856948e+00,2.335849823049376550e-01,-1.625579862579183521e+00,-2.208866593621343632e-01,-1.314266028758324767e+00,-8.267000561813104831e-01,-1.109591619022123110e+00,-9.549481831513667585e-01,-6.658083104176218958e-01,-1.023991526885901004e+00,-7.081661967805698010e-01,-8.246836904201984009e-01,-5.915234845315576334e-02,-6.486616580751931593e-01,2.316942843296187493e-01,-3.477583145985480018e-01,1.453341482244851490e-01,3.138560057373540602e-02
3.592106040535499312e-01,0.000000000000000000e+00,2.491806239348837992e-01,-5.120055274132567086e-02,4.578578888253664880e-01,-2.556895832254391099e-01,5.504766442603167276e-01,-1.896718386996247840e-01,7.008761996380971082e-01,-3.071801434418294230e-01,2.380875474627457689e-01,-1.817117987330759965e-01,6.321462832441276936e-01,-1.210152093696474224e-01,6.712014830188762771e-01,-5.611089178441814457e-02,4.475532320985948775e-01,4.204747686541883689e-01,7.792548848129605688e-01,1.130130063116476097e-01,6.268754293372910125e-01,9.704958340993029287e-02,5.511053568437462857e-01,2.669955752544635463e-01,4.833054100093405192e-01,2.712576097990338497e-01,1.957030264695219512e-01,2.757476030516732846e-01,4.260917805098718980e-01,1.039394315999453977e-01,4.359872241165849704e-01,1.959904441117008289e-01,4.142225088423550639e-01,1.783411728349249548e-01
3.592106040535499312e-01,0.000000000000000000e+00,1.236742672706205026e-01,1.579028375395735706e-01,3.411604743587478006e-01,-2.166395884344520240e-01,2.022539135130360100e-01,-8.336609431227576250e-02,2.080941814885212682e-01,-3.507879634474459496e-01,5.592051968543818585e-01,-6.333960439803477949e-02,3.197870794042393383e-01,-1.169217134403203323e-01,4.402300554868063265e-01,3.368597622471396213e-02,6.636735115285673503e-01,-3.100205266848392593e-01,6.192732105318073943e-01,-1.687463956734089054e-01,2.629425466925026100e-01,-1.781753916001176108e-02,4.216478780582404995e-01,2.776877703943699260e-01,4.879529211202525696e-01,-1.312611872604928787e-01,1.965439567342891491e-01,8.320840583007539648e-02,6.800778761146416551e-01,1.144415644770959556e-01,4.878862806652324302e-01,-1.083505430319460644e-01,3.399199786924887445e-01,-1.039315725266189011e-01
3.592106040535499312e-01,0.000000000000000000e+00,5.680861917492123769e-01,5.703389788942496708e-01,4.582484299733823319e-01,-6.537041574966458990e-01,3.149429631469465307e-01,2.320881061482993057e-01,7.190902649234784949e-01,-5.079565616194127164e-01,7.787720789081505890e-01,-2.157165413268106180e-01,7.006262741583534348e-01,3.261942770736719899e-02,5.692605804586359231e-01,-1.710840543052273843e-01,8.106850063376331850e-01,1.200043496890780964e-01,1.029501520609266363e+00,1.902696165333566669e-01,5.526519584167577381e-01,-1.923653789830358507e-01,6.510595629883667579e-01,4.372093297584019322e-01,7.645794217433226070e-01,-1.248187642976233136e-01,5.707205498772057739e-01,2.257092688337591635e-01,1.072086814435544433e+00,4.757265829182216743e-01,6.513138215949960674e-01,2.855223185958574023e-02,7.042305966856023947e-01,8.016296277102176460e-02
3.592106040535499312e-01,0.000000000000000000e+00,7.255454615600080981e-01,-2.786032323710465608e-01,-2.951231583796913416e+00,-2.463578026193713466e+00,-3.093521699762021626e+00,-2.107798854305764635e+00,9.600170544126519490e-01,2.956102512564969254e-01,5.997526329159905689e-01,1.212343852742314043e+00,-2.260374238643003686e+00,-2.192106620839954889e+00,-2.066161666374524586e+00,1.955292171343177232e+00,1.712774038607515759e-01,2.019284190114076782e+00,1.029501520609266363e+00,1.904595854537085353e+00,5.875617416214780064e-01,-1.908949096723315808e+00,-2.214130621337360605e+00,-1.747425224335214189e+00,7.580065131721756000e-01,8.037996608915349839e-01,8.735301945502226273e-01,1.918681867684538966e+00,1.072086814435544433e+00,1.057342854881822225e+00,-2.257502296310222256e+00,-5.936288149239961065e-01,-2.491470343166391377e+00,1.507196962734580037e+00
