1.279044747352600098e-01,2.222452312707901001e-01,4.408458620309829712e-02,-7.536483407020568848e-01,-6.541363000869750977e-01,9.932731986045837402e-01,-2.579210698604583740e-01,9.661478996276855469e-01,2.959055602550506592e-01,8.203061670064926147e-02,-2.449643313884735107e-01,3.147888183593750000e-01,3.256471157073974609e-01,1.881594024598598480e-02,-7.009111046791076660e-01,9.819657355546951294e-02,5.596639215946197510e-02,7.965461611747741699e-01,8.965516686439514160e-01,3.168212473392486572e-01,9.457841515541076660e-01,9.128293395042419434e-01
-1.657885313034057617e-01,1.211037635803222656e-01,-2.331112027168273926e-01,-2.923157513141632080e-01,-3.322057127952575684e-01,7.031669020652770996e-01,2.421079427003860474e-01,5.378804802894592285e-01,1.609472185373306274e-01,1.037802640348672867e-02,3.114311397075653076e-01,4.386171102523803711e-01,3.319673538208007812e-01,3.689856082201004028e-02,-7.063621282577514648e-01,-3.736140429973602295e-01,4.454761743545532227e-01,7.719624042510986328e-01,4.895293712615966797e-01,2.622922360897064209e-01,6.054484248161315918e-01,7.311639785766601562e-01
-2.069321274757385254e-01,-4.565516859292984009e-02,-8.160746842622756958e-02,-7.556023001670837402e-01,-2.802909612655639648e-01,7.651301622390747070e-01,-3.644342347979545593e-02,4.880555272102355957e-01,1.669071912765502930e-01,-1.718155890703201294e-01,-2.256625145673751831e-01,1.954021304845809937e-01,2.969087362289428711e-01,-1.062855795025825500e-01,-5.889699459075927734e-01,2.360965907573699951e-01,-5.942764878273010254e-01,4.492763578891754150e-01,5.383040904998779297e-01,4.377150535583496094e-01,9.984194636344909668e-01,7.484945058822631836e-01
3.849205076694488525e-01,2.418354600667953491e-01,1.350386291742324829e-01,4.734484553337097168e-01,3.357532620429992676e-01,-4.059063494205474854e-01,1.673672050237655640e-01,-2.772844135761260986e-01,-8.431551605463027954e-02,1.996931880712509155e-01,4.462212026119232178e-01,-5.834242701530456543e-02,-4.236845672130584717e-01,2.461915165185928345e-01,5.280591845512390137e-01,-1.295970976352691650e-01,5.271499156951904297e-01,-2.703405022621154785e-01,-4.583458900451660156e-01,-3.631120920181274414e-01,-7.350442409515380859e-01,-3.696444928646087646e-01
2.189003378152847290e-01,-2.908669412136077881e-02,8.559913188219070435e-02,2.536379992961883545e-01,3.896504268050193787e-02,-5.641307234764099121e-01,-4.475892484188079834e-01,-5.397681593894958496e-01,-4.018726646900177002e-01,-1.428758203983306885e-01,-1.426948755979537964e-01,-4.955670833587646484e-01,-1.085003986954689026e-01,-1.784692555665969849e-01,5.972914695739746094e-01,3.744968771934509277e-01,-4.549259543418884277e-01,-4.683091640472412109e-01,-3.115597665309906006e-01,-3.934566676616668701e-01,-3.176511824131011963e-01,-4.964870214462280273e-01
1.112863607704639435e-02,1.264209393411874771e-03,2.987477779388427734e-01,-1.357318162918090820e-01,8.336920291185379028e-02,-2.566526830196380615e-01,7.994092255830764771e-02,-1.337112486362457275e-01,-1.346461772918701172e-01,-2.594069540500640869e-01,-2.811681628227233887e-01,-7.408770173788070679e-02,-1.067796573042869568e-01,4.151493310928344727e-02,-2.159728705883026123e-01,2.606883347034454346e-01,-3.519455790519714355e-01,-8.619932830333709717e-02,1.034341473132371902e-02,-8.071952313184738159e-02,3.774524433538317680e-03,-6.223190948367118835e-02
-4.812847673892974854e-01,-2.820973396301269531e-01,-2.123507857322692871e-01,-6.563285589218139648e-01,-6.190774440765380859e-01,6.138644218444824219e-01,-3.551056087017059326e-01,3.813849389553070068e-01,-3.707914426922798157e-02,6.003034859895706177e-02,-3.245711624622344971e-01,2.193201482295989990e-01,2.879156768321990967e-01,-2.483195364475250244e-01,-5.298639535903930664e-01,5.709240436553955078e-01,-7.076069116592407227e-01,4.331647753715515137e-01,7.155060768127441406e-01,4.666225612163543701e-01,9.605097770690917969e-01,7.830334305763244629e-01
-7.667925208806991577e-02,1.217976808547973633e-01,-2.241213172674179077e-01,-2.842753827571868896e-01,-1.076904609799385071e-01,5.587202310562133789e-01,3.133724629878997803e-02,4.594374597072601318e-01,1.961486041545867920e-01,2.566512227058410645e-01,1.497424840927124023e-01,4.242151975631713867e-01,2.539586126804351807e-01,-6.107666995376348495e-04,-5.722356438636779785e-01,-6.268087029457092285e-02,2.221152335405349731e-01,4.386797249317169189e-01,7.438496947288513184e-01,2.827400267124176025e-01,4.716788232326507568e-01,7.086058855056762695e-01
3.522717952728271484e-01,3.524128496646881104e-01,2.254420369863510132e-01,5.676852539181709290e-02,-2.973825335502624512e-01,-2.377498447895050049e-01,-3.360094428062438965e-01,-1.173582896590232849e-01,-7.364813238382339478e-02,8.597232401371002197e-03,-3.852466642856597900e-01,-4.135973155498504639e-01,-2.755504846572875977e-01,-3.813553452491760254e-01,2.652769535779953003e-02,2.596221566200256348e-01,-4.269294142723083496e-01,-2.691694200038909912e-01,-1.126800626516342163e-01,-1.170235313475131989e-02,-1.597024649381637573e-01,-1.422393023967742920e-01
3.086327910423278809e-01,3.801271617412567139e-01,5.935432016849517822e-02,5.066154897212982178e-02,1.324804574251174927e-01,-3.189486563205718994e-01,-1.121000498533248901e-01,-2.452422678470611572e-01,-3.271296620368957520e-02,-3.256549835205078125e-01,-6.128570437431335449e-02,-1.497453898191452026e-01,-1.003684755414724350e-02,-2.965141460299491882e-02,5.578464269638061523e-01,2.859692275524139404e-01,-4.898102208971977234e-02,-3.822501897811889648e-01,-1.293131858110427856e-01,-3.103405609726905823e-02,-5.519220232963562012e-01,-2.831028103828430176e-01
