-1.442739583260307823e+00,-8.190359166575804650e-01,-5.573116077283862824e-01,-1.516635168913769149e-01,5.069150960565724784e-01,-1.822817997952967672e-01,2.835879912998686206e-02,-1.835932254839752198e-01,-5.831803631783218089e-02,-1.222225522669788123e-01,-1.217067527055576276e-01,-3.179703263297855437e-02,7.369017059729041086e-02,-1.213657902211210254e-01,-3.598595688442712826e-01,-2.252821415223627693e-02,4.339716428556389394e-01,1.545057902011111928e+00,6.761450227951052439e-01,1.244222884744733415e+00,1.295077551508920510e-01,8.133772670055157139e-01
2.221142727922016391e+00,5.480267260161711951e-01,2.565324899444164419e+00,-8.616800516872542559e-01,-9.890109069946477760e-01,-7.427608594452126400e-01,-8.323536244644103022e-01,-7.441050005952885016e-01,-8.167346574902650813e-01,-8.152453508826242867e-01,-7.205722227941183666e-01,-8.022110548048175804e-01,-9.332192534406562601e-01,-7.202283475563087123e-01,-5.010725102510825701e-01,7.049533362306933393e-01,-6.754144054314111800e-01,-1.501638838231904582e+00,-1.204039025775382132e+00,-1.557757522035543740e+00,-4.535888182881326475e-02,-1.171201348839620238e+00
1.887690665838378079e+00,5.195266243802146855e-01,2.411003579577679190e+00,-9.079352005338912068e-01,-9.890109069946477760e-01,-7.538962050011712712e-01,-9.483045209071787607e-01,-7.540036632904110192e-01,-8.376136864957561823e-01,-8.438826566105435134e-01,-7.992111229067576650e-01,-7.311799747464210464e-01,-9.318109885119317815e-01,-7.988668651861819958e-01,-5.465917001551097165e-01,1.022337242911952160e+00,-2.155544635295349121e+00,-8.388077951356905926e-01,-1.678310602401304585e+00,-2.123864856680396596e+00,-9.922782179264635349e-01,-1.513915822006833833e+00
1.221902097599564474e+00,4.093863453597792468e-01,1.109084500887630220e+00,-7.946100858596306660e-01,-9.596790245818788145e-01,-8.058611509289780317e-01,-8.591115236435106217e-01,-8.047343096029138110e-01,-1.576344986142220739e-01,-2.768640031977426808e-01,-8.742825778466356557e-02,-1.838763963477506591e-01,-2.347198487933532807e-01,-8.708746202348401078e-02,-3.528765113021762323e-01,-2.937847417713597142e-01,-4.099072837735359687e-02,-1.664329216707665093e+00,-3.860237607992781927e-01,-7.445844812159781168e-02,5.047876582021406655e-01,-4.996457197194124622e-01
-1.296378645445885214e+00,-9.212026514236616448e-01,-4.567457379945196183e-01,1.948053384117988049e-02,5.069150960565724784e-01,1.257960939195576777e-01,9.971319694092133090e-02,1.257399837386035946e-01,-2.902445477031520560e-01,-3.455935369447488692e-01,-1.922801246015158894e-01,-3.086361138862162568e-01,-4.142736272057144231e-01,-1.919388188633147918e-01,-3.042537402683290759e-01,-3.268312222934861011e-01,5.065525100862516839e-01,1.343256137795435512e+00,6.662803969007017324e-01,-9.963303116895740885e-01,1.177981221575352677e-01,7.345852974835360705e-01
-1.054749231340671667e+00,-7.936259433539972763e-01,-2.424778388046204269e-01,-1.886676359686865756e-01,2.135962719288822809e-01,-1.488757631274210680e-01,-1.634061449868994542e-01,-1.489479060510465191e-01,-4.098757409238036886e-01,-4.028681484005874336e-01,-2.799927439579211752e-01,-4.925883981400123734e-01,-4.396223959227538169e-01,-2.803231356866337509e-01,-5.021070372943560178e-01,7.428190951622967164e-01,-3.665264125652547555e-01,1.712236159221674825e+00,2.347880702385998219e-01,1.107548238775744709e+00,-1.360168470731569990e+00,3.104783432554598654e-01
1.112131394238747406e+00,3.257907752928477785e-01,1.344621556079853342e+00,4.894773222276715074e+00,2.853465689078094059e+00,4.643034607786760581e+00,6.124700162101701650e+00,4.644479504062037023e+00,3.240568546549759343e+00,4.247830301813496412e+00,2.744580337297437111e+00,3.456921784081341098e+00,4.209764266260855869e+00,2.744235234693102932e+00,3.582464361309621204e+00,-2.871180733049175871e+00,7.898028666336585069e-01,7.045068610166208556e-01,2.734669452772143128e+00,1.622487048666230391e+00,2.090427537086779974e+00,2.970966385819837630e+00
-1.009135388932382638e+00,-6.845798737102714027e-01,-2.263032282249799187e-01,-5.610215841841139639e-01,-3.730413763264982530e-01,-5.608835486978890339e-01,-6.049114814420566422e-01,-5.597424078986313889e-01,-8.934791965374756506e-01,-8.438826566105435134e-01,-9.050711807506951478e-01,-8.869019579513671703e-01,-8.444985629310189923e-01,-9.050624701906260228e-01,-5.116764124446343542e-01,1.027156521321429095e+00,-8.478334997769427783e-01,7.474950100891569749e-01,-5.669096686879462332e-01,-9.613217883193383995e-02,-4.953366376154370587e-01,-4.925972744171924766e-01
-3.490733411263488573e-01,-2.209086503296971427e-01,-8.924550218573786831e-01,-4.800750737024993553e-01,-3.730413763264982530e-01,-5.645953305498752073e-01,-5.246377839047554614e-01,-5.634544064093023330e-01,-7.332185414683006774e-01,-7.006961279709473800e-01,-8.405469550172475213e-01,-7.539463465600096947e-01,-3.818835338450533023e-01,-8.405385582891916618e-01,-3.549455653887229056e-01,6.721363451566367830e-01,-6.861390839512915285e-01,-9.878244664875335257e-01,6.171406659121985577e-02,3.556624941276316787e-01,3.556347070489079276e-01,-2.764699190196087328e-02
1.039415263568428394e-01,-3.817169024327558002e-01,7.763855547417187752e-01,-5.286429799914681427e-01,-6.663602004541885337e-01,-4.309711838783720217e-01,-5.736939323997728435e-01,-4.322971256989288080e-01,1.865873309357659882e-01,3.814635980936873644e-02,2.533403093701068753e-01,1.357634639150334943e-01,1.631149935712898902e-01,2.533433856648129590e-01,-3.608940958875446192e-01,-6.131193087612044068e-02,-5.220677956744064208e-01,-2.272722511104805776e-01,-4.944531433006201793e-01,-5.761202208968031480e-01,-1.013542110694486548e-01,-4.391750011749896987e-01
-9.593815945229065001e-01,-7.514076982359626511e-01,-5.597103847211296612e-01,1.235546187461130097e-01,5.069150960565724784e-01,1.814728216993506393e-01,6.403599803545399760e-02,1.801826285617776358e-01,4.044063902903488050e-01,5.307080183295797005e-01,3.047580517514479337e-01,1.639937649638834871e-01,5.292638750396341241e-01,3.047608779612683838e-01,7.593494813462454973e-02,-6.898835291407399151e-01,1.757678746604321995e+00,3.852475412788258086e-02,1.852791912541079944e-01,2.025073035018802037e-01,6.659262273027648227e-02,2.151184088160744690e-01
9.807932762609675725e-01,2.379500781070164328e-01,1.214744916044180334e+00,5.803686897113132126e+00,3.440103337333475508e+00,5.504167997447558136e+00,7.279749476666203201e+00,5.505663158537696944e+00,5.059865560433631337e+00,5.874429267159309020e+00,4.118744707214454515e+00,5.627923000225151462e+00,8.054327521678471768e+00,4.119065045051268470e+00,4.991490194247914403e+00,-3.102506096704062966e+00,1.189481636639071693e+00,9.694062905080226278e-01,3.119175682093610291e+00,2.802141159712796981e+00,1.816856472552283330e+00,3.825793359818307149e+00
-8.554365721218436525e-01,-7.823596394012124478e-01,-1.321569426335977848e-01,-6.165277628000783716e-01,-3.730413763264982530e-01,-5.534599849939165761e-01,-6.896448288425413020e-01,-5.535557437141797044e-01,-1.071233092124764585e+00,-1.015706490978058874e+00,-1.080496419463506053e+00,-1.037160011921052005e+00,-1.011377956984860438e+00,-1.080150793631497352e+00,-4.938308209481692690e-01,8.396636422479738515e-01,-1.865166610367507416e-01,1.057474483683647354e-01,-6.849961304345544288e-01,-5.988325888178536172e-01,-9.092849542118454087e-01,-7.156293816931192930e-01
-3.761012589931497785e-02,-1.088028470585062496e-01,3.252784071349650863e-01,-6.558446393197198132e-01,-6.663602004541885337e-01,-6.759487861094610750e-01,-7.297816776111919479e-01,-6.748143617294306562e-01,-8.308421095210023477e-01,-8.267002731737920218e-01,-8.405469550172475213e-01,-7.958364706970127989e-01,-7.811266411384208963e-01,-8.405385582891916618e-01,-4.767611247341590475e-01,5.027731324807371838e-01,-1.007745261264169079e+00,5.423321111614550771e-01,-7.216608097123635712e-01,-3.584944409987363412e-01,1.738065027055635536e-01,-8.182260337633316949e-01
1.876981328925127146e+00,3.910583382998981672e-01,-5.528185138996742631e-02,-8.316142049369401601e-01,-9.596790245818788145e-01,-6.722370042574749016e-01,-8.278939746012268230e-01,-6.723396960556500268e-01,-6.750958391016633753e-01,-7.006961279709473800e-01,-6.247940752210321413e-01,-5.463170356200816036e-01,-7.783101112809721611e-01,-6.244506658276172129e-01,-5.155558888569095055e-01,5.936509539165859550e-01,-1.881638837780009066e+00,-6.826869072334342814e-01,-1.505803324307278590e+00,-2.756682733136335273e+00,-6.906259604043313294e-01,-1.302521298042919939e+00
-7.910318098518791530e-01,-6.210549404513135974e-01,-3.968448496614440657e-01,1.998756143430638899e-01,5.069150960565724784e-01,2.631320224430470645e-01,2.835879912998686206e-02,2.630839286334286098e-01,-2.298646530115966424e-01,-2.024070083051527358e-01,-2.235340464411545436e-01,-3.286705210821742051e-01,-1.995132255752434802e-01,-2.238647127728788933e-01,4.566409000592148715e-01,-1.010136053922870286e-01,6.240255973232267106e-01,-8.991745384578961886e-01,8.151586311456373579e-01,2.482323681759955325e-01,-9.648756929232856772e-01,-3.960488709034759580e-01
1.228372321984653404e+00,3.096714501229912431e-01,-6.714020106022914325e-01,-5.263302225491363062e-01,-6.663602004541885337e-01,-4.755125661022064354e-01,-5.112588343152051351e-01,-4.743664421531995079e-01,-5.328927226318321830e-01,-5.517821381857673790e-01,-4.483606454811362441e-01,-5.308359027868413405e-01,-5.867860809744536166e-01,-4.486902183044391146e-01,-1.043313891557555162e-01,-7.511572117755164202e-01,3.291688192498358201e-01,-1.621894890968359038e+00,-1.642710647639580301e-01,-1.653579746111361048e-01,2.285776193126986544e-01,-1.554015338822678505e-01
8.767243032011863280e-01,1.556108225096400621e-01,1.150526229124166688e+00,2.593579567156526711e+00,1.386871568439643321e+00,2.519895388450655638e+00,3.127815454042452981e+00,2.518741690284474366e+00,2.356877751344379490e+00,2.552501802720677837e+00,1.927945605358490022e+00,2.568122628478841651e+00,3.157790364503727965e+00,1.927940536731726606e+00,1.462718449642541163e+00,-2.217365295496820821e+00,4.898760662751767136e-01,8.875932160403450233e-01,2.225214454460203051e+00,1.361363642931485263e+00,2.327538469287080414e+00,2.546471119914010206e+00
1.551512642729550341e-02,-2.845247677033805878e-01,-8.565419034517360863e-01,-2.719269038926331317e-01,-3.730413763264982530e-01,-3.159059464667999251e-01,-2.615184419769344126e-01,-3.159878390312391150e-01,6.747051711992736456e-01,5.364354794751635680e-01,4.630440430038115229e-01,7.568300869897309768e-01,1.538989828935029447e+00,4.627100373033213865e-01,-1.459711026475075946e-01,-5.661887166308353647e-01,1.219681334598091915e+00,-3.553582199374462625e-01,5.102204799746439257e-01,1.383370430615786517e-01,4.551222130473025484e-01,6.769151298271408601e-01
-9.066281941724505522e-01,-7.075076127796527947e-01,-9.288553643811445215e-02,1.046344838236520358e+00,1.386871568439643321e+00,8.421699913528940540e-01,2.030741587699335771e+00,8.433930291349869268e-01,1.293175868226793757e+00,1.177911127780554290e+00,1.205072638938459395e+00,1.910629810502402659e+00,8.806259747563722762e-01,1.204735024169816482e+00,-2.856322534894089049e-01,-3.004399357653991243e-01,-6.887363921540504696e-01,2.057344485250018007e+00,1.215102919437211826e+00,1.058732289872152732e+00,-1.068070472984109925e-01,1.534366149405567592e+00
-7.664647892939365770e-01,-5.934464168260090711e-01,-4.757988809654521423e-01,2.993241843633335231e-01,5.069150960565724784e-01,3.633501324466743565e-01,5.957634817227058094e-02,3.645452212584346929e-01,-3.658604905879035973e-01,-3.055013089256619074e-01,-3.596398350976456881e-01,-4.288425570619641691e-01,-4.001909779184704696e-01,-3.596337773988135256e-01,2.011127203706990774e-01,2.278447736924881784e-01,1.053511114600157006e+00,-1.791861362201398356e+00,2.750578063808821749e-01,4.961490060414115028e-02,8.260638615209855429e-01,2.154243513500606333e-01
-7.141824014466098269e-01,-6.674068654369168518e-01,4.281670486564927158e-02,-3.852520185668936725e-01,-3.730413763264982530e-01,-6.536780949975439237e-01,-7.074834282952748854e-01,-6.550170363391857320e-01,-4.273689814419179278e-01,-4.544152987108419084e-01,-3.233449581225814606e-01,-6.701660982860034865e-01,-4.607463698536197194e-01,-3.230030149131034034e-01,-5.002966149686276509e-01,7.285907493819371306e-01,4.924062853361677039e-01,1.114794464159384546e+00,-8.767512279075169168e-01,3.495182667726805525e-01,-1.417317535545782103e+00,-1.161140546279689989e+00
1.410232728455961482e+00,3.218090689498221968e-01,1.590895994001498615e+00,-1.470380020067132143e-01,-3.730413763264982530e-01,1.444263835997176490e-02,-2.035429937555502111e-01,1.561736125536545075e-02,-7.117752143815802013e-01,-7.293334336988667177e-01,-7.064575484149266948e-01,-6.765406823938083791e-01,-7.311332361687046255e-01,-7.064498038690233406e-01,-4.638295366932422836e-01,3.926181974069812841e-01,-5.813745969979277062e-01,8.966747434833999275e-02,-2.252717732801578221e-01,2.967730156502404459e-01,2.767238922869438844e-01,-2.874863394205331990e-01
8.290032995946881034e-01,1.116296845069073423e-01,7.726617390291747878e-01,2.947431455833299463e+00,1.680190392567333602e+00,2.813126154757565001e+00,3.694190986666745058e+00,2.813226905464369487e+00,1.630061822720798359e+00,2.907604393746876514e+00,1.146597559367522390e+00,1.779495508856131725e+00,2.759955522139085460e+00,1.146260229009141929e+00,2.208353816081803256e+00,-2.164353232992576093e+00,5.816702315676972740e-02,8.625756792633465508e-01,1.176129639075844002e+00,1.422668265766320994e+00,1.502565328950384416e+00,1.167858760710659638e+00
5.842999091532644629e-01,1.453880700920503477e-01,-7.232841301310536375e-01,-3.181820527392699716e-01,-3.730413763264982530e-01,-4.012769290624825236e-01,-4.666623356833710101e-01,-4.001264719397805703e-01,-1.000131533889848878e+00,-9.126121903575498129e-01,-1.036136014271760830e+00,-1.028964118068160127e+00,-8.698473316480582751e-01,-1.035790604199261278e+00,-3.239097540905225836e-01,1.194683818412766163e+00,-9.744115419682405355e-01,-1.172133052315629254e+00,9.612818968561280819e-01,6.888898469483785147e-01,7.114707723454714028e-01,3.832573652825573829e-01
-9.067769349629123399e-01,-6.390182110522915071e-01,-9.720333502505255907e-02,9.237686937929322495e-01,1.386871568439643321e+00,6.862751535694735505e-01,1.660590649055112999e+00,6.850144260130263119e-01,1.439329071265231130e+00,1.378372267875989099e+00,1.373440540461674075e+00,2.044496076766303627e+00,1.008778083270292392e+00,1.373102106787621901e+00,-2.742524560134021461e-01,-3.020463619018917134e-01,-6.401063485348607029e-01,1.941748187455233809e+00,1.523748479244856791e+00,1.346222064317451839e+00,5.840945299461615392e-02,1.961991442774484895e+00
-7.427473074815123255e-02,-4.694360207989527467e-01,-9.200295345263419522e-01,-8.084866305136217957e-01,-6.663602004541885337e-01,-7.873022416690470537e-01,-8.457325740539604064e-01,-7.874116498864495162e-01,-1.021574860976569576e+00,-9.698868018133882662e-01,-1.048234306596782073e+00,-1.002555126764397286e+00,-9.367399157624671791e-01,-1.047888837680780227e+00,-4.961585067955342487e-01,1.101281613048144203e+00,-1.963497174900920461e+00,9.161540469280940457e-02,-1.092753270669012178e+00,-1.718133118330962272e+00,-9.896079204337743240e-01,-1.038987106075437872e+00
2.157903101844002247e+00,4.477343313861197327e-01,2.379636714710664069e+00,-1.863548785263546281e-01,-6.663602004541885337e-01,-4.116270899959272901e-03,-1.901640441659999681e-01,-2.942631297989174808e-03,-5.210424629260129725e-01,-3.685033815270842839e-01,-3.888773748831141908e-01,-5.180867345712315553e-01,-7.008555402011300561e-01,-3.885351129379976953e-01,-3.746015792109164133e-01,-2.157583294274493524e-01,-1.245173733983561792e+00,-1.363393075843593705e+00,-1.368826326682760275e+00,-1.917964414932205708e+00,-3.047353444422505886e-01,-1.192676161321342576e+00
1.738057430633795253e+00,3.854454494601115000e-01,-3.873868146614847241e-01,-7.714825114363121905e-01,-9.596790245818788145e-01,-6.054249309217234476e-01,-7.788378261062093300e-01,-6.067610557004633476e-01,-5.842438480237156506e-01,-6.376940553695250591e-01,-5.532125122979885123e-01,-4.224679729541594431e-01,-7.036720700585789023e-01,-5.532055131031167194e-01,-5.463330683942914101e-01,9.587686657964727965e-01,-5.154163864761960312e-01,-5.976463795479590724e-01,-1.486436094527468388e+00,-1.754360283692637967e+00,-1.608368496456006047e-01,-1.220046251092568035e+00
-1.014265992736695585e-02,-3.813319028372468278e-01,-9.089037783790470115e-01,-7.020997881663567641e-01,-6.663602004541885337e-01,-7.279137320372680575e-01,-7.877571258325761772e-01,-7.267823408788239847e-01,-6.282590983596157974e-01,-6.777862833886120209e-01,-5.017947699166475095e-01,-7.175201516582679906e-01,-7.698605217086257335e-01,-5.021240828478145124e-01,-4.666744860622439317e-01,6.797094969429576805e-01,-2.584458051758955488e-01,-1.213287855181607089e+00,-3.599003663541582854e-01,-2.867408775500840390e-01,-6.722967043010439347e-01,-3.781747667063602436e-01
1.098571192174978339e+00,1.690351505109351227e-01,-5.671808616413873683e-01,4.750937499805540365e-01,-7.972255219880794441e-02,6.417337713456391368e-01,5.456781832592616510e-01,6.417077767218652973e-01,-4.313190680105241648e-01,-5.002349878755126822e-01,-2.850336990933469150e-01,-4.443236898952044323e-01,-6.339629560867210412e-01,-2.853640663039334613e-01,-2.783905641864954927e-01,-6.175943529985881142e-01,-1.241483831186283693e+00,1.462338437632011712e-01,-1.084575826987717838e-02,-7.763269285380639539e-01,1.303232711131014687e+00,7.536399506449988767e-03
-9.521180859220215176e-01,7.129686579867985374e-01,-2.499483157248780785e-01,6.231102262897922905e-01,1.093552744311953262e+00,2.074552946632539363e-01,8.667729734084668181e-01,2.086412838102548184e-01,1.600653211179801083e-01,4.218862565634864947e-01,2.452747811534258804e-01,1.949560306303640134e-01,1.265001054244555001e-01,2.449418346359803766e-01,-3.285651257852526541e-01,-6.888508266244143530e-02,4.429615878526432793e-01,1.906628149185844556e+00,1.057801513422704565e+00,-6.076845886229809146e-02,-1.439523029944909771e+00,1.343281502890121049e+00
-1.061938369546325811e+00,-7.079534017849786753e-01,-2.798759143962469276e-01,4.311513585762487000e-01,8.002339201842625371e-01,1.295078757715438789e-01,8.400150742293662764e-01,1.294519822492745942e-01,4.365713809204297413e-01,3.302468782341451692e-01,4.741341443017480506e-01,4.936508288246465592e-01,3.257695928389581774e-01,4.744722087436871183e-01,-3.735670521676430766e-01,-1.235035713031786136e-01,3.835972815504625766e-01,1.982406459056933690e+00,1.219581757171571690e+00,1.467963051633033866e-01,-1.201339280276872312e+00,1.562689367840365273e+00
-9.139164929050792585e-01,-7.285103538714898797e-01,-1.519411414499377555e-01,-5.818364011651006029e-01,-3.730413763264982530e-01,-5.497482031419304027e-01,-5.023395345888382879e-01,-5.498437452035088713e-01,-6.863818007262530996e-01,-6.949686668253635125e-01,-6.933510650628201821e-01,-6.728980629036341865e-01,-7.100092622378386675e-01,-6.930073222228911867e-01,-5.168490476610010376e-01,9.599161130368242256e-01,-1.346813783763126215e+00,8.724299151235984651e-01,-2.763064518313693152e-01,-1.467996742367391638e+00,-9.878747068119310137e-01,-3.272353347976609261e-01
-6.148731336816067872e-01,-5.115833449388672571e-01,-9.135642593935195954e-01,2.205036316844775968e+00,2.266828040822713941e+00,2.182123239919911750e+00,2.601576770186811771e+00,2.183424491487199415e+00,1.821923170338824782e+00,1.762112164630106559e+00,1.674889657560125311e+00,1.741248004209303257e+00,1.995971798306097833e+00,1.674885819743288984e+00,2.438794714970940358e+00,-1.583515439926584278e+00,1.323104038716081510e+00,-1.417629567787620726e+00,1.442976820069702848e+00,1.046093451524902074e+00,6.658825556203316065e-01,1.819681096388758634e+00
2.308917910159994924e-01,-2.631161793658704298e-02,-8.679189600458901976e-01,-2.210462401613323413e-01,-3.730413763264982530e-01,-1.377404175714624368e-01,-3.239535400615020655e-01,-1.365745776821432056e-01,-6.491381273651070094e-01,-6.205116719327734565e-01,-7.750145382567148467e-01,-6.401144874920666750e-01,-3.804752689163289348e-01,-7.746703982231439856e-01,-3.215820682431576039e-01,8.532035196841232239e-01,-7.089589763157554403e-01,1.191346951475075328e-01,-8.627802110052882334e-01,-2.089932511624877365e-01,-1.109925313032033234e+00,-7.883495686175270301e-01
-1.101850481653578573e+00,-6.715912031459995157e-01,-2.912072800000630735e-01,3.779579374026161287e-01,8.002339201842625371e-01,1.183725302155852616e-01,7.151448780602310817e-01,1.170786538803715165e-01,-1.254695079841413596e-01,-1.222225522669788123e-01,-7.936272956798258449e-02,-1.374329978480298697e-01,-1.917677684672590976e-01,-7.902197303580481280e-02,-3.562387241928146042e-01,-2.139224138428869604e-01,3.282774920806231234e-01,1.937871424122613817e+00,1.019502996596432842e+00,-2.629022765089814584e-01,-1.034389566362002411e+00,1.346870444154189661e+00
1.583143897367818465e+00,3.296610343845419178e-01,-4.944408050233429774e-01,-4.476964695098534230e-01,-6.663602004541885337e-01,-7.056430409253506841e-01,-8.814097729594277952e-01,-7.057476826516886348e-01,-9.267727833300155593e-01,-8.725199623384628511e-01,-8.899483153444185390e-01,-1.028053463195616635e+00,-8.902671731145620493e-01,-8.896036162975741179e-01,-4.480529992833238162e-01,6.014535951509767386e-01,-3.760914073488478837e-01,-2.575254015735162660e+00,1.972770934371381457e-01,2.036327665480039961e+00,1.416549382443454519e+00,2.167304906297708722e-01
-6.277887923200404785e-01,-6.300922993774682457e-01,-7.876702042368258216e-02,1.716777639884792608e-02,2.135962719288822809e-01,1.444263835997176490e-02,-3.407629895458077346e-02,1.314269558158492023e-02,1.657083019302747484e-01,3.588841839620644514e-01,-2.033702258994522782e-01,-1.000961480737444786e-01,5.391217295407050303e-01,-2.037009903036805236e-01,6.455515065861777702e-02,-5.299293838357237441e-01,1.468179515709317373e+00,-7.962397879021568814e-01,2.150152241764560768e-01,9.546510229159536898e-02,-7.312990547651178064e-01,1.694388350878299199e-01
